ISO,ISO3,ISO+AC0-Numeric,fips,Country,Capital,Area(in sq km),Population,Continent,tld,CurrencyCode,CurrencyName,Phone,Postal Code Format,Postal Code Regex,Languages,geonameid,neighbours,EquivalentFipsCode,,,,,,,,,,,,,,,,,,,,,,,,,,,,,,,,,,,
AD,AND,20,AN,Andorra,Andorra la Vella,468,84000,EU,.ad,EUR,Euro,376,AD+ACMAIwAj-,+AF4-(?:AD)+ACo-(+AFw-d+AHs-3+AH0-)+ACQ-,ca,3041565,ES,FR,,,,,,,,,,,,,,,,,,,,,,,,,,,,,,,,,,,
AE,ARE,784,AE,United Arab Emirates,Abu Dhabi,82880,4975593,AS,.ae,AED,Dirham,971,,,ar+AC0-AE,fa,en,hi,ur,290557,SA,OM,,,,,,,,,,,,,,,,,,,,,,,,,,,,,,,
AF,AFG,4,AF,Afghanistan,Kabul,647500,29121286,AS,.af,AFN,Afghani,93,,,fa+AC0-AF,ps,uz+AC0-AF,tk,1149361,TM,CN,IR,TJ,PK,UZ,,,,,,,,,,,,,,,,,,,,,,,,,,,,
AG,ATG,28,AC,Antigua and Barbuda,St. John's,443,86754,NA,.ag,XCD,Dollar,+//0-268,,,en+AC0-AG,3576396,,,,,,,,,,,,,,,,,,,,,,,,,,,,,,,,,,,,,
AI,AIA,660,AV,Anguilla,The Valley,102,13254,NA,.ai,XCD,Dollar,+//0-264,,,en+AC0-AI,3573511,,,,,,,,,,,,,,,,,,,,,,,,,,,,,,,,,,,,,
AL,ALB,8,AL,Albania,Tirana,28748,2986952,EU,.al,ALL,Lek,355,,,sq,el,783754,MK,GR,ME,RS,XK,,,,,,,,,,,,,,,,,,,,,,,,,,,,,,,
AM,ARM,51,AM,Armenia,Yerevan,29800,2968000,AS,.am,AMD,Dram,374,+ACMAIwAjACMAIwAj-,+AF4-(+AFw-d+AHs-6+AH0-)+ACQ-,hy,174982,GE,IR,AZ,TR,,,,,,,,,,,,,,,,,,,,,,,,,,,,,,,,,
AO,AGO,24,AO,Angola,Luanda,1246700,13068161,AF,.ao,AOA,Kwanza,244,,,pt+AC0-AO,3351879,CD,NA,ZM,CG,,,,,,,,,,,,,,,,,,,,,,,,,,,,,,,,,
AQ,ATA,10,AY,Antarctica,,14000000,0,AN,.aq,,,,,,,6697173,,,,,,,,,,,,,,,,,,,,,,,,,,,,,,,,,,,,,
AR,ARG,32,AR,Argentina,Buenos Aires,2766890,41343201,SA,.ar,ARS,Peso,54,+AEAAIwAjACMAIwBAAEAAQA-,+AF4AWw-A+AC0-Z+AF0-?+AFw-d+AHs-4+AH0AWw-A+AC0-Z+AF0Aew-0,3+AH0AJA-,es+AC0-AR,en,it,de,fr,gn,3865483,CL,BO,UY,PY,BR,,,,,,,,,,,,,,,,,,,,,,,,,,
AS,ASM,16,AQ,American Samoa,Pago Pago,199,57881,OC,.as,USD,Dollar,+//0-684,+ACMAIwAjACMAIwAtACMAIwAjACM-,96799,en+AC0-AS,sm,to,5880801,,,,,,,,,,,,,,,,,,,,,,,,,,,,,,,,,,,
AT,AUT,40,AU,Austria,Vienna,83858,8205000,EU,.at,EUR,Euro,43,+ACMAIwAjACM-,+AF4-(+AFw-d+AHs-4+AH0-)+ACQ-,de+AC0-AT,hr,hu,sl,2782113,CH,DE,HU,SK,CZ,IT,SI,LI,,,,,,,,,,,,,,,,,,,,,,,,,,
AU,AUS,36,AS,Australia,Canberra,7686850,21515754,OC,.au,AUD,Dollar,61,+ACMAIwAjACM-,+AF4-(+AFw-d+AHs-4+AH0-)+ACQ-,en+AC0-AU,2077456,,,,,,,,,,,,,,,,,,,,,,,,,,,,,,,,,,,,,
AW,ABW,533,AA,Aruba,Oranjestad,193,71566,NA,.aw,AWG,Guilder,297,,,nl+AC0-AW,es,en,3577279,,,,,,,,,,,,,,,,,,,,,,,,,,,,,,,,,,,
AX,ALA,248,,Aland Islands,Mariehamn,1580,26711,EU,.ax,EUR,Euro,340,+ACMAIwAjACMAIw-,+AF4-(?:FI)+ACo-(+AFw-d+AHs-5+AH0-)+ACQ-,sv+AC0-AX,661882,,FI,,,,,,,,,,,,,,,,,,,,,,,,,,,,,,,,,,,
AZ,AZE,31,AJ,Azerbaijan,Baku,86600,8303512,AS,.az,AZN,Manat,994,AZ +ACMAIwAjACM-,+AF4-(?:AZ)+ACo-(+AFw-d+AHs-4+AH0-)+ACQ-,az,ru,hy,587116,GE,IR,AM,TR,RU,,,,,,,,,,,,,,,,,,,,,,,,,,,,,,
BA,BIH,70,BK,Bosnia and Herzegovina,Sarajevo,51129,4590000,EU,.ba,BAM,Marka,387,+ACMAIwAjACMAIw-,+AF4-(+AFw-d+AHs-5+AH0-)+ACQ-,bs,hr+AC0-BA,sr+AC0-BA,3277605,HR,ME,RS,,,,,,,,,,,,,,,,,,,,,,,,,,,,,,,,
BB,BRB,52,BB,Barbados,Bridgetown,431,285653,NA,.bb,BBD,Dollar,+//0-246,BB+ACMAIwAjACMAIw-,+AF4-(?:BB)+ACo-(+AFw-d+AHs-5+AH0-)+ACQ-,en+AC0-BB,3374084,,,,,,,,,,,,,,,,,,,,,,,,,,,,,,,,,,,,,
BD,BGD,50,BG,Bangladesh,Dhaka,144000,156118464,AS,.bd,BDT,Taka,880,+ACMAIwAjACM-,+AF4-(+AFw-d+AHs-4+AH0-)+ACQ-,bn+AC0-BD,en,1210997,MM,IN,,,,,,,,,,,,,,,,,,,,,,,,,,,,,,,,,,
BE,BEL,56,BE,Belgium,Brussels,30510,10403000,EU,.be,EUR,Euro,32,+ACMAIwAjACM-,+AF4-(+AFw-d+AHs-4+AH0-)+ACQ-,nl+AC0-BE,fr+AC0-BE,de+AC0-BE,2802361,DE,NL,LU,FR,,,,,,,,,,,,,,,,,,,,,,,,,,,,,,,
BF,BFA,854,UV,Burkina Faso,Ouagadougou,274200,16241811,AF,.bf,XOF,Franc,226,,,fr+AC0-BF,2361809,NE,BJ,GH,CI,TG,ML,,,,,,,,,,,,,,,,,,,,,,,,,,,,,,,
BG,BGR,100,BU,Bulgaria,Sofia,110910,7148785,EU,.bg,BGN,Lev,359,+ACMAIwAjACM-,+AF4-(+AFw-d+AHs-4+AH0-)+ACQ-,bg,tr+AC0-BG,rom,732800,MK,GR,RO,TR,RS,,,,,,,,,,,,,,,,,,,,,,,,,,,,,,
BH,BHR,48,BA,Bahrain,Manama,665,738004,AS,.bh,BHD,Dinar,973,+ACMAIwAjACMAfAAjACMAIw-,+AF4-(+AFw-d+AHs-3+AH0AXA-d?)+ACQ-,ar+AC0-BH,en,fa,ur,290291,,,,,,,,,,,,,,,,,,,,,,,,,,,,,,,,,,
BI,BDI,108,BY,Burundi,Bujumbura,27830,9863117,AF,.bi,BIF,Franc,257,,,fr+AC0-BI,rn,433561,TZ,CD,RW,,,,,,,,,,,,,,,,,,,,,,,,,,,,,,,,,
BJ,BEN,204,BN,Benin,Porto+AC0-Novo,112620,9056010,AF,.bj,XOF,Franc,229,,,fr+AC0-BJ,2395170,NE,TG,BF,NG,,,,,,,,,,,,,,,,,,,,,,,,,,,,,,,,,
BL,BLM,652,TB,Saint Barthelemy,Gustavia,21,8450,NA,.gp,EUR,Euro,590,+ACMAIwAj- +ACMAIwAj-,,fr,3578476,,,,,,,,,,,,,,,,,,,,,,,,,,,,,,,,,,,,,
BM,BMU,60,BD,Bermuda,Hamilton,53,65365,NA,.bm,BMD,Dollar,+//0-441,+AEAAQA- +ACMAIw-,+AF4-(+AFs-A+AC0-Z+AF0Aew-2+AH0AXA-d+AHs-2+AH0-)+ACQ-,en+AC0-BM,pt,3573345,,,,,,,,,,,,,,,,,,,,,,,,,,,,,,,,,,,,
BN,BRN,96,BX,Brunei,Bandar Seri Begawan,5770,395027,AS,.bn,BND,Dollar,673,+AEAAQAAjACMAIwAj-,+AF4-(+AFs-A+AC0-Z+AF0Aew-2+AH0AXA-d+AHs-4+AH0-)+ACQ-,ms+AC0-BN,en+AC0-BN,1820814,MY,,,,,,,,,,,,,,,,,,,,,,,,,,,,,,,,,,,
BO,BOL,68,BL,Bolivia,Sucre,1098580,9947418,SA,.bo,BOB,Boliviano,591,,,es+AC0-BO,qu,ay,3923057,PE,CL,PY,BR,AR,,,,,,,,,,,,,,,,,,,,,,,,,,,,,,
BQ,BES,535,,Bonaire, Saint Eustatius and Saba ,,328,18012,NA,.bq,USD,Dollar,599,,,nl,pap,en,7626844,,,,,,,,,,,,,,,,,,,,,,,,,,,,,,,,,,
BR,BRA,76,BR,Brazil,Brasilia,8511965,201103330,SA,.br,BRL,Real,55,+ACMAIwAjACMAIwAtACMAIwAj-,+AF4AXA-d+AHs-5+AH0ALQBc-d+AHs-3+AH0AJA-,pt+AC0-BR,es,en,fr,3469034,SR,PE,BO,UY,GY,PY,GF,VE,CO,AR,,,,,,,,,,,,,,,,,,,,,,,,
BS,BHS,44,BF,Bahamas,Nassau,13940,301790,NA,.bs,BSD,Dollar,+//0-242,,,en+AC0-BS,3572887,,,,,,,,,,,,,,,,,,,,,,,,,,,,,,,,,,,,,
BT,BTN,64,BT,Bhutan,Thimphu,47000,699847,AS,.bt,BTN,Ngultrum,975,,,dz,1252634,CN,IN,,,,,,,,,,,,,,,,,,,,,,,,,,,,,,,,,,,
BV,BVT,74,BV,Bouvet Island,,49,0,AN,.bv,NOK,Krone,,,,,3371123,,,,,,,,,,,,,,,,,,,,,,,,,,,,,,,,,,,,,
BW,BWA,72,BC,Botswana,Gaborone,600370,2029307,AF,.bw,BWP,Pula,267,,,en+AC0-BW,tn+AC0-BW,933860,ZW,ZA,NA,,,,,,,,,,,,,,,,,,,,,,,,,,,,,,,,,
BY,BLR,112,BO,Belarus,Minsk,207600,9685000,EU,.by,BYR,Ruble,375,+ACMAIwAjACMAIwAj-,+AF4-(+AFw-d+AHs-6+AH0-)+ACQ-,be,ru,630336,PL,LT,UA,RU,LV,,,,,,,,,,,,,,,,,,,,,,,,,,,,,,,
BZ,BLZ,84,BH,Belize,Belmopan,22966,314522,NA,.bz,BZD,Dollar,501,,,en+AC0-BZ,es,3582678,GT,MX,,,,,,,,,,,,,,,,,,,,,,,,,,,,,,,,,,
CA,CAN,124,CA,Canada,Ottawa,9984670,33679000,NA,.ca,CAD,Dollar,1,+AEAAIwBA- +ACMAQAAj-,+AF4-(+AFs-ABCEGHJKLMNPRSTVXY+AF0AXA-d+AFs-ABCEGHJKLMNPRSTVWXYZ+AF0-) ?(+AFw-d+AFs-ABCEGHJKLMNPRSTVWXYZ+AF0AXA-d)+ACQ- ,en+AC0-CA,fr+AC0-CA,iu,6251999,US,,,,,,,,,,,,,,,,,,,,,,,,,,,,,,,,,,
CC,CCK,166,CK,Cocos Islands,West Island,14,628,AS,.cc,AUD,Dollar,61,,,ms+AC0-CC,en,1547376,,,,,,,,,,,,,,,,,,,,,,,,,,,,,,,,,,,,
CD,COD,180,CG,Democratic Republic of the Congo,Kinshasa,2345410,70916439,AF,.cd,CDF,Franc,243,,,fr+AC0-CD,ln,kg,203312,TZ,CF,SS,RW,ZM,BI,UG,CG,AO,,,,,,,,,,,,,,,,,,,,,,,,,,
CF,CAF,140,CT,Central African Republic,Bangui,622984,4844927,AF,.cf,XAF,Franc,236,,,fr+AC0-CF,sg,ln,kg,239880,TD,SD,CD,SS,CM,CG,,,,,,,,,,,,,,,,,,,,,,,,,,,,
CG,COG,178,CF,Republic of the Congo,Brazzaville,342000,3039126,AF,.cg,XAF,Franc,242,,,fr+AC0-CG,kg,ln+AC0-CG,2260494,CF,GA,CD,CM,AO,,,,,,,,,,,,,,,,,,,,,,,,,,,,,,
CH,CHE,756,SZ,Switzerland,Bern,41290,7581000,EU,.ch,CHF,Franc,41,+ACMAIwAjACM-,+AF4-(+AFw-d+AHs-4+AH0-)+ACQ-,de+AC0-CH,fr+AC0-CH,it+AC0-CH,rm,2658434,DE,IT,LI,FR,AT,,,,,,,,,,,,,,,,,,,,,,,,,,,,,
CI,CIV,384,IV,Ivory Coast,Yamoussoukro,322460,21058798,AF,.ci,XOF,Franc,225,,,fr+AC0-CI,2287781,LR,GH,GN,BF,ML,,,,,,,,,,,,,,,,,,,,,,,,,,,,,,,,
CK,COK,184,CW,Cook Islands,Avarua,240,21388,OC,.ck,NZD,Dollar,682,,,en+AC0-CK,mi,1899402,,,,,,,,,,,,,,,,,,,,,,,,,,,,,,,,,,,,
CL,CHL,152,CI,Chile,Santiago,756950,16746491,SA,.cl,CLP,Peso,56,+ACMAIwAjACMAIwAjACM-,+AF4-(+AFw-d+AHs-7+AH0-)+ACQ-,es+AC0-CL,3895114,PE,BO,AR,,,,,,,,,,,,,,,,,,,,,,,,,,,,,,,,,,
CM,CMR,120,CM,Cameroon,Yaounde,475440,19294149,AF,.cm,XAF,Franc,237,,,en+AC0-CM,fr+AC0-CM,2233387,TD,CF,GA,GQ,CG,NG,,,,,,,,,,,,,,,,,,,,,,,,,,,,,,
CN,CHN,156,CH,China,Beijing,9596960,1330044000,AS,.cn,CNY,Yuan Renminbi,86,+ACMAIwAjACMAIwAj-,+AF4-(+AFw-d+AHs-6+AH0-)+ACQ-,zh+AC0-CN,yue,wuu,dta,ug,za,1814991,LA,BT,TJ,KZ,MN,AF,NP,MM,KG,PK,KP,RU,VN,IN,,,,,,,,,,,,,,,,,,
CO,COL,170,CO,Colombia,Bogota,1138910,47790000,SA,.co,COP,Peso,57,,,es+AC0-CO,3686110,EC,PE,PA,BR,VE,,,,,,,,,,,,,,,,,,,,,,,,,,,,,,,,
CR,CRI,188,CS,Costa Rica,San Jose,51100,4516220,NA,.cr,CRC,Colon,506,+ACMAIwAjACMAIw-,+AF4-(+AFw-d+AHs-5+AH0-)+ACQ-,es+AC0-CR,en,3624060,PA,NI,,,,,,,,,,,,,,,,,,,,,,,,,,,,,,,,,,
CU,CUB,192,CU,Cuba,Havana,110860,11423000,NA,.cu,CUP,Peso,53,CP +ACMAIwAjACMAIw-,+AF4-(?:CP)+ACo-(+AFw-d+AHs-5+AH0-)+ACQ-,es+AC0-CU,3562981,US,,,,,,,,,,,,,,,,,,,,,,,,,,,,,,,,,,,,
CV,CPV,132,CV,Cape Verde,Praia,4033,508659,AF,.cv,CVE,Escudo,238,+ACMAIwAjACM-,+AF4-(+AFw-d+AHs-4+AH0-)+ACQ-,pt+AC0-CV,3374766,,,,,,,,,,,,,,,,,,,,,,,,,,,,,,,,,,,,,
CW,CUW,531,UC,Curacao, Willemstad,444,141766,NA,.cw,ANG,Guilder,599,,,nl,pap,7626836,,,,,,,,,,,,,,,,,,,,,,,,,,,,,,,,,,,,
CX,CXR,162,KT,Christmas Island,Flying Fish Cove,135,1500,AS,.cx,AUD,Dollar,61,+ACMAIwAjACM-,+AF4-(+AFw-d+AHs-4+AH0-)+ACQ-,en,zh,ms+AC0-CC,2078138,,,,,,,,,,,,,,,,,,,,,,,,,,,,,,,,,,,
CY,CYP,196,CY,Cyprus,Nicosia,9250,1102677,EU,.cy,EUR,Euro,357,+ACMAIwAjACM-,+AF4-(+AFw-d+AHs-4+AH0-)+ACQ-,el+AC0-CY,tr+AC0-CY,en,146669,,,,,,,,,,,,,,,,,,,,,,,,,,,,,,,,,,,
CZ,CZE,203,EZ,Czechia,Prague,78866,10476000,EU,.cz,CZK,Koruna,420,+ACMAIwAj- +ACMAIw-,+AF4AXA-d+AHs-3+AH0AXA-s?+AFw-d+AHs-2+AH0AJA-,cs,sk,3077311,PL,DE,SK,AT,,,,,,,,,,,,,,,,,,,,,,,,,,,,,,,,
DE,DEU,276,GM,Germany,Berlin,357021,81802257,EU,.de,EUR,Euro,49,+ACMAIwAjACMAIw-,+AF4-(+AFw-d+AHs-5+AH0-)+ACQ-,de,2921044,CH,PL,NL,DK,BE,CZ,LU,FR,AT,,,,,,,,,,,,,,,,,,,,,,,,,,,,
DJ,DJI,262,DJ,Djibouti,Djibouti,23000,740528,AF,.dj,DJF,Franc,253,,,fr+AC0-DJ,ar,so+AC0-DJ,aa,223816,ER,ET,SO,,,,,,,,,,,,,,,,,,,,,,,,,,,,,,,
DK,DNK,208,DA,Denmark,Copenhagen,43094,5484000,EU,.dk,DKK,Krone,45,+ACMAIwAjACM-,+AF4-(+AFw-d+AHs-4+AH0-)+ACQ-,da+AC0-DK,en,fo,de+AC0-DK,2623032,DE,,,,,,,,,,,,,,,,,,,,,,,,,,,,,,,,,
DM,DMA,212,DO,Dominica,Roseau,754,72813,NA,.dm,XCD,Dollar,+//0-767,,,en+AC0-DM,3575830,,,,,,,,,,,,,,,,,,,,,,,,,,,,,,,,,,,,,
DO,DOM,214,DR,Dominican Republic,Santo Domingo,48730,9823821,NA,.do,DOP,Peso,+//0-809 and 1+AC0-829,+ACMAIwAjACMAIw-,+AF4-(+AFw-d+AHs-5+AH0-)+ACQ-,es+AC0-DO,3508796,HT,,,,,,,,,,,,,,,,,,,,,,,,,,,,,,,,,,,,
DZ,DZA,12,AG,Algeria,Algiers,2381740,34586184,AF,.dz,DZD,Dinar,213,+ACMAIwAjACMAIw-,+AF4-(+AFw-d+AHs-5+AH0-)+ACQ-,ar+AC0-DZ,2589581,NE,EH,LY,MR,TN,MA,ML,,,,,,,,,,,,,,,,,,,,,,,,,,,,,,
EC,ECU,218,EC,Ecuador,Quito,283560,14790608,SA,.ec,USD,Dollar,593,+AEAAIwAjACMAIwBA-,+AF4-(+AFs-a+AC0-zA+AC0-Z+AF0AXA-d+AHs-4+AH0AWw-a+AC0-zA+AC0-Z+AF0-)+ACQ-,es+AC0-EC,3658394,PE,CO,,,,,,,,,,,,,,,,,,,,,,,,,,,,,,,,,,,
EE,EST,233,EN,Estonia,Tallinn,45226,1291170,EU,.ee,EUR,Euro,372,+ACMAIwAjACMAIw-,+AF4-(+AFw-d+AHs-5+AH0-)+ACQ-,et,ru,453733,RU,LV,,,,,,,,,,,,,,,,,,,,,,,,,,,,,,,,,,
EG,EGY,818,EG,Egypt,Cairo,1001450,80471869,AF,.eg,EGP,Pound,20,+ACMAIwAjACMAIw-,+AF4-(+AFw-d+AHs-5+AH0-)+ACQ-,ar+AC0-EG,en,fr,357994,LY,SD,IL,PS,,,,,,,,,,,,,,,,,,,,,,,,,,,,,,,
EH,ESH,732,WI,Western Sahara,El+AC0-Aaiun,266000,273008,AF,.eh,MAD,Dirham,212,,,ar,mey,2461445,DZ,MR,MA,,,,,,,,,,,,,,,,,,,,,,,,,,,,,,,,,
ER,ERI,232,ER,Eritrea,Asmara,121320,5792984,AF,.er,ERN,Nakfa,291,,,aa+AC0-ER,ar,tig,kun,ti+AC0-ER,338010,ET,SD,DJ,,,,,,,,,,,,,,,,,,,,,,,,,,,,,,
ES,ESP,724,SP,Spain,Madrid,504782,46505963,EU,.es,EUR,Euro,34,+ACMAIwAjACMAIw-,+AF4-(+AFw-d+AHs-5+AH0-)+ACQ-,es+AC0-ES,ca,gl,eu,oc,2510769,AD,PT,GI,FR,MA,,,,,,,,,,,,,,,,,,,,,,,,,,,,
ET,ETH,231,ET,Ethiopia,Addis Ababa,1127127,88013491,AF,.et,ETB,Birr,251,+ACMAIwAjACM-,+AF4-(+AFw-d+AHs-4+AH0-)+ACQ-,am,en+AC0-ET,om+AC0-ET,ti+AC0-ET,so+AC0-ET,sid,337996,ER,KE,SD,SS,SO,DJ,,,,,,,,,,,,,,,,,,,,,,,,,,
FI,FIN,246,FI,Finland,Helsinki,337030,5244000,EU,.fi,EUR,Euro,358,+ACMAIwAjACMAIw-,+AF4-(?:FI)+ACo-(+AFw-d+AHs-5+AH0-)+ACQ-,fi+AC0-FI,sv+AC0-FI,smn,660013,NO,RU,SE,,,,,,,,,,,,,,,,,,,,,,,,,,,,,,,,
FJ,FJI,242,FJ,Fiji,Suva,18270,875983,OC,.fj,FJD,Dollar,679,,,en+AC0-FJ,fj,2205218,,,,,,,,,,,,,,,,,,,,,,,,,,,,,,,,,,,,
FK,FLK,238,FK,Falkland Islands,Stanley,12173,2638,SA,.fk,FKP,Pound,500,,,en+AC0-FK,3474414,,,,,,,,,,,,,,,,,,,,,,,,,,,,,,,,,,,,,
FM,FSM,583,FM,Micronesia,Palikir,702,107708,OC,.fm,USD,Dollar,691,+ACMAIwAjACMAIw-,+AF4-(+AFw-d+AHs-5+AH0-)+ACQ-,en+AC0-FM,chk,pon,yap,kos,uli,woe,nkr,kpg,2081918,,,,,,,,,,,,,,,,,,,,,,,,,,,,,
FO,FRO,234,FO,Faroe Islands,Torshavn,1399,48228,EU,.fo,DKK,Krone,298,+ACMAIwAj-,+AF4-(?:FO)+ACo-(+AFw-d+AHs-3+AH0-)+ACQ-,fo,da+AC0-FO,2622320,,,,,,,,,,,,,,,,,,,,,,,,,,,,,,,,,,,,
FR,FRA,250,FR,France,Paris,547030,64768389,EU,.fr,EUR,Euro,33,+ACMAIwAjACMAIw-,+AF4-(+AFw-d+AHs-5+AH0-)+ACQ-,fr+AC0-FR,frp,br,co,ca,eu,oc,3017382,CH,DE,BE,LU,IT,AD,MC,ES,,,,,,,,,,,,,,,,,,,,,,,
GA,GAB,266,GB,Gabon,Libreville,267667,1545255,AF,.ga,XAF,Franc,241,,,fr+AC0-GA,2400553,CM,GQ,CG,,,,,,,,,,,,,,,,,,,,,,,,,,,,,,,,,,
GB,GBR,826,UK,United Kingdom,London,244820,62348447,EU,.uk,GBP,Pound,44,#NAME?,+AF4-((?:(?:+AFs-A+AC0-PR+AC0-UWYZ+AF0AWw-A+AC0-HK+AC0-Y+AF0AXA-d+AFs-ABEHMNPRV+AC0-Y0+AC0-9+AF0AfABb-A+AC0-PR+AC0-UWYZ+AF0AXA-d+AFs-A+AC0-HJKPS+AC0-UW0+AC0-9+AF0-)+AFw-s+AFw-d+AFs-ABD+AC0-HJLNP+AC0-UW+AC0-Z+AF0Aew-2+AH0-)+AHw-GIR+AFw-s?0AA)+ACQ-,en+AC0-GB,cy+AC0-GB,gd,2635167,IE,,,,,,,,,,,,,,,,,,,,,,,,,,,,,,,,,,
GD,GRD,308,GJ,Grenada,St. George's,344,107818,NA,.gd,XCD,Dollar,+//0-473,,,en+AC0-GD,3580239,,,,,,,,,,,,,,,,,,,,,,,,,,,,,,,,,,,,,
GE,GEO,268,GG,Georgia,Tbilisi,69700,4630000,AS,.ge,GEL,Lari,995,+ACMAIwAjACM-,+AF4-(+AFw-d+AHs-4+AH0-)+ACQ-,ka,ru,hy,az,614540,AM,AZ,TR,RU,,,,,,,,,,,,,,,,,,,,,,,,,,,,,,
GF,GUF,254,FG,French Guiana,Cayenne,91000,195506,SA,.gf,EUR,Euro,594,+ACMAIwAjACMAIw-,+AF4-((97+AHw-98)3+AFw-d+AHs-2+AH0-)+ACQ-,fr+AC0-GF,3381670,SR,BR,,,,,,,,,,,,,,,,,,,,,,,,,,,,,,,,,,,
GG,GGY,831,GK,Guernsey,St Peter Port,78,65228,EU,.gg,GBP,Pound,+//0-1481,#NAME?,+AF4-((?:(?:+AFs-A+AC0-PR+AC0-UWYZ+AF0AWw-A+AC0-HK+AC0-Y+AF0AXA-d+AFs-ABEHMNPRV+AC0-Y0+AC0-9+AF0AfABb-A+AC0-PR+AC0-UWYZ+AF0AXA-d+AFs-A+AC0-HJKPS+AC0-UW0+AC0-9+AF0-)+AFw-s+AFw-d+AFs-ABD+AC0-HJLNP+AC0-UW+AC0-Z+AF0Aew-2+AH0-)+AHw-GIR+AFw-s?0AA)+ACQ-,en,fr,3042362,,,,,,,,,,,,,,,,,,,,,,,,,,,,,,,,,,,,
GH,GHA,288,GH,Ghana,Accra,239460,24339838,AF,.gh,GHS,Cedi,233,,,en+AC0-GH,ak,ee,tw,2300660,CI,TG,BF,,,,,,,,,,,,,,,,,,,,,,,,,,,,,,,
GI,GIB,292,GI,Gibraltar,Gibraltar,6.5,27884,EU,.gi,GIP,Pound,350,,,en+AC0-GI,es,it,pt,2411586,ES,,,,,,,,,,,,,,,,,,,,,,,,,,,,,,,,,
GL,GRL,304,GL,Greenland,Nuuk,2166086,56375,NA,.gl,DKK,Krone,299,+ACMAIwAjACM-,+AF4-(+AFw-d+AHs-4+AH0-)+ACQ-,kl,da+AC0-GL,en,3425505,,,,,,,,,,,,,,,,,,,,,,,,,,,,,,,,,,,
GM,GMB,270,GA,Gambia,Banjul,11300,1593256,AF,.gm,GMD,Dalasi,220,,,en+AC0-GM,mnk,wof,wo,ff,2413451,SN,,,,,,,,,,,,,,,,,,,,,,,,,,,,,,,,
GN,GIN,324,GV,Guinea,Conakry,245857,10324025,AF,.gn,GNF,Franc,224,,,fr+AC0-GN,2420477,LR,SN,SL,CI,GW,ML,,,,,,,,,,,,,,,,,,,,,,,,,,,,,,,
GP,GLP,312,GP,Guadeloupe,Basse+AC0-Terre,1780,443000,NA,.gp,EUR,Euro,590,+ACMAIwAjACMAIw-,+AF4-((97+AHw-98)+AFw-d+AHs-3+AH0-)+ACQ-,fr+AC0-GP,3579143,,,,,,,,,,,,,,,,,,,,,,,,,,,,,,,,,,,,,
GQ,GNQ,226,EK,Equatorial Guinea,Malabo,28051,1014999,AF,.gq,XAF,Franc,240,,,es+AC0-GQ,fr,2309096,GA,CM,,,,,,,,,,,,,,,,,,,,,,,,,,,,,,,,,,
GR,GRC,300,GR,Greece,Athens,131940,11000000,EU,.gr,EUR,Euro,30,+ACMAIwAj- +ACMAIw-,+AF4-(+AFw-d+AHs-5+AH0-)+ACQ-,el+AC0-GR,en,fr,390903,AL,MK,TR,BG,,,,,,,,,,,,,,,,,,,,,,,,,,,,,,,
GS,SGS,239,SX,South Georgia and the South Sandwich Islands,Grytviken,3903,30,AN,.gs,GBP,Pound,,,,en,3474415,,,,,,,,,,,,,,,,,,,,,,,,,,,,,,,,,,,,,
GT,GTM,320,GT,Guatemala,Guatemala City,108890,13550440,NA,.gt,GTQ,Quetzal,502,+ACMAIwAjACMAIw-,+AF4-(+AFw-d+AHs-5+AH0-)+ACQ-,es+AC0-GT,3595528,MX,HN,BZ,SV,,,,,,,,,,,,,,,,,,,,,,,,,,,,,,,,,
GU,GUM,316,GQ,Guam,Hagatna,549,159358,OC,.gu,USD,Dollar,+//0-671,969+ACMAIw-,+AF4-(969+AFw-d+AHs-2+AH0-)+ACQ-,en+AC0-GU,ch+AC0-GU,4043988,,,,,,,,,,,,,,,,,,,,,,,,,,,,,,,,,,,,
GW,GNB,624,PU,Guinea+AC0-Bissau,Bissau,36120,1565126,AF,.gw,XOF,Franc,245,+ACMAIwAjACM-,+AF4-(+AFw-d+AHs-4+AH0-)+ACQ-,pt+AC0-GW,pov,2372248,SN,GN,,,,,,,,,,,,,,,,,,,,,,,,,,,,,,,,,,
GY,GUY,328,GY,Guyana,Georgetown,214970,748486,SA,.gy,GYD,Dollar,592,,,en+AC0-GY,3378535,SR,BR,VE,,,,,,,,,,,,,,,,,,,,,,,,,,,,,,,,,,
HK,HKG,344,HK,Hong Kong,Hong Kong,1092,6898686,AS,.hk,HKD,Dollar,852,,,zh+AC0-HK,yue,zh,en,1819730,,,,,,,,,,,,,,,,,,,,,,,,,,,,,,,,,,
HM,HMD,334,HM,Heard Island and McDonald Islands,,412,0,AN,.hm,AUD,Dollar, ,,,,1547314,,,,,,,,,,,,,,,,,,,,,,,,,,,,,,,,,,,,,
HN,HND,340,HO,Honduras,Tegucigalpa,112090,7989415,NA,.hn,HNL,Lempira,504,+AEAAQAAjACMAIwAj-,+AF4-(+AFs-A+AC0-Z+AF0Aew-2+AH0AXA-d+AHs-4+AH0-)+ACQ-,es+AC0-HN,3608932,GT,NI,SV,,,,,,,,,,,,,,,,,,,,,,,,,,,,,,,,,,
HR,HRV,191,HR,Croatia,Zagreb,56542,4284889,EU,.hr,HRK,Kuna,385,+ACMAIwAjACMAIw-,+AF4-(?:HR)+ACo-(+AFw-d+AHs-5+AH0-)+ACQ-,hr+AC0-HR,sr,3202326,HU,SI,BA,ME,RS,,,,,,,,,,,,,,,,,,,,,,,,,,,,,,,
HT,HTI,332,HA,Haiti,Port+AC0-au+AC0-Prince,27750,9648924,NA,.ht,HTG,Gourde,509,HT+ACMAIwAjACM-,+AF4-(?:HT)+ACo-(+AFw-d+AHs-4+AH0-)+ACQ-,ht,fr+AC0-HT,3723988,DO,,,,,,,,,,,,,,,,,,,,,,,,,,,,,,,,,,,
HU,HUN,348,HU,Hungary,Budapest,93030,9982000,EU,.hu,HUF,Forint,36,+ACMAIwAjACM-,+AF4-(+AFw-d+AHs-4+AH0-)+ACQ-,hu+AC0-HU,719819,SK,SI,RO,UA,HR,AT,RS,,,,,,,,,,,,,,,,,,,,,,,,,,,,,,
ID,IDN,360,ID,Indonesia,Jakarta,1919440,242968342,AS,.id,IDR,Rupiah,62,+ACMAIwAjACMAIw-,+AF4-(+AFw-d+AHs-5+AH0-)+ACQ-,id,en,nl,jv,1643084,PG,TL,MY,,,,,,,,,,,,,,,,,,,,,,,,,,,,,,,
IE,IRL,372,EI,Ireland,Dublin,70280,4622917,EU,.ie,EUR,Euro,353,+AEAAQABA- +AEAAQABAAEA-,+AF4AWw-A+AC0-Z+AF0AXA-d+AHs-2+AH0AJAB8AF4AWw-A+AC0-Z+AF0Aew-3+AH0AWw-A+AC0-Z+AF0Aew-4+AH0AJA-,en+AC0-IE,ga+AC0-IE,2963597,GB,,,,,,,,,,,,,,,,,,,,,,,,,,,,,,,,,,,
IL,ISR,376,IS,Israel,Jerusalem,20770,7353985,AS,.il,ILS,Shekel,972,+ACMAIwAjACMAIw-,+AF4-(+AFw-d+AHs-5+AH0-)+ACQ-,he,ar+AC0-IL,en+AC0-IL,,294640,SY,JO,LB,EG,PS,,,,,,,,,,,,,,,,,,,,,,,,,,,,,
IM,IMN,833,IM,Isle of Man,Douglas,572,75049,EU,.im,GBP,Pound,+//0-1624,#NAME?,+AF4-((?:(?:+AFs-A+AC0-PR+AC0-UWYZ+AF0AWw-A+AC0-HK+AC0-Y+AF0AXA-d+AFs-ABEHMNPRV+AC0-Y0+AC0-9+AF0AfABb-A+AC0-PR+AC0-UWYZ+AF0AXA-d+AFs-A+AC0-HJKPS+AC0-UW0+AC0-9+AF0-)+AFw-s+AFw-d+AFs-ABD+AC0-HJLNP+AC0-UW+AC0-Z+AF0Aew-2+AH0-)+AHw-GIR+AFw-s?0AA)+ACQ-,en,gv,3042225,,,,,,,,,,,,,,,,,,,,,,,,,,,,,,,,,,,,
IN,IND,356,IN,India,New Delhi,3287590,1173108018,AS,.in,INR,Rupee,91,+ACMAIwAjACMAIwAj-,+AF4-(+AFw-d+AHs-6+AH0-)+ACQ-,en+AC0-IN,hi,bn,te,mr,ta,ur,gu,kn,ml,or,pa,as,bh,sat,ks,ne,sd,kok,doi,mni,sit,sa,fr,lus,inc,1269750,CN,NP,MM,BT,PK,BD,,,,,,
IO,IOT,86,IO,British Indian Ocean Territory,Diego Garcia,60,4000,AS,.io,USD,Dollar,246,,,en+AC0-IO,1282588,,,,,,,,,,,,,,,,,,,,,,,,,,,,,,,,,,,,,
IQ,IRQ,368,IZ,Iraq,Baghdad,437072,29671605,AS,.iq,IQD,Dinar,964,+ACMAIwAjACMAIw-,+AF4-(+AFw-d+AHs-5+AH0-)+ACQ-,ar+AC0-IQ,ku,hy,99237,SY,SA,IR,JO,TR,KW,,,,,,,,,,,,,,,,,,,,,,,,,,,,,
IR,IRN,364,IR,Iran,Tehran,1648000,76923300,AS,.ir,IRR,Rial,98,+ACMAIwAjACMAIwAjACMAIwAjACM-,+AF4-(+AFw-d+AHs-10+AH0-)+ACQ-,fa+AC0-IR,ku,130758,TM,AF,IQ,AM,PK,AZ,TR,,,,,,,,,,,,,,,,,,,,,,,,,,,,,
IS,ISL,352,IC,Iceland,Reykjavik,103000,308910,EU,.is,ISK,Krona,354,+ACMAIwAj-,+AF4-(+AFw-d+AHs-3+AH0-)+ACQ-,is,en,de,da,sv,no,2629691,,,,,,,,,,,,,,,,,,,,,,,,,,,,,,,,
IT,ITA,380,IT,Italy,Rome,301230,60340328,EU,.it,EUR,Euro,39,+ACMAIwAjACMAIw-,+AF4-(+AFw-d+AHs-5+AH0-)+ACQ-,it+AC0-IT,de+AC0-IT,fr+AC0-IT,sc,ca,co,sl,3175395,CH,VA,SI,SM,FR,AT,,,,,,,,,,,,,,,,,,,,,,,,,
JE,JEY,832,JE,Jersey,Saint Helier,116,90812,EU,.je,GBP,Pound,+//0-1534,#NAME?,+AF4-((?:(?:+AFs-A+AC0-PR+AC0-UWYZ+AF0AWw-A+AC0-HK+AC0-Y+AF0AXA-d+AFs-ABEHMNPRV+AC0-Y0+AC0-9+AF0AfABb-A+AC0-PR+AC0-UWYZ+AF0AXA-d+AFs-A+AC0-HJKPS+AC0-UW0+AC0-9+AF0-)+AFw-s+AFw-d+AFs-ABD+AC0-HJLNP+AC0-UW+AC0-Z+AF0Aew-2+AH0-)+AHw-GIR+AFw-s?0AA)+ACQ-,en,pt,3042142,,,,,,,,,,,,,,,,,,,,,,,,,,,,,,,,,,,,
JM,JAM,388,JM,Jamaica,Kingston,10991,2847232,NA,.jm,JMD,Dollar,+//0-876,,,en+AC0-JM,3489940,,,,,,,,,,,,,,,,,,,,,,,,,,,,,,,,,,,,,
JO,JOR,400,JO,Jordan,Amman,92300,6407085,AS,.jo,JOD,Dinar,962,+ACMAIwAjACMAIw-,+AF4-(+AFw-d+AHs-5+AH0-)+ACQ-,ar+AC0-JO,en,248816,SY,SA,IQ,IL,PS,,,,,,,,,,,,,,,,,,,,,,,,,,,,,,,
JP,JPN,392,JA,Japan,Tokyo,377835,127288000,AS,.jp,JPY,Yen,81,+ACMAIwAjAC0AIwAjACMAIw-,+AF4AXA-d+AHs-3+AH0ALQBc-d+AHs-4+AH0AJA-,ja,1861060,,,,,,,,,,,,,,,,,,,,,,,,,,,,,,,,,,,,,
KE,KEN,404,KE,Kenya,Nairobi,582650,40046566,AF,.ke,KES,Shilling,254,+ACMAIwAjACMAIw-,+AF4-(+AFw-d+AHs-5+AH0-)+ACQ-,en+AC0-KE,sw+AC0-KE,192950,ET,TZ,SS,SO,UG,,,,,,,,,,,,,,,,,,,,,,,,,,,,,,,
KG,KGZ,417,KG,Kyrgyzstan,Bishkek,198500,5776500,AS,.kg,KGS,Som,996,+ACMAIwAjACMAIwAj-,+AF4-(+AFw-d+AHs-6+AH0-)+ACQ-,ky,uz,ru,1527747,CN,TJ,UZ,KZ,,,,,,,,,,,,,,,,,,,,,,,,,,,,,,,
KH,KHM,116,CB,Cambodia,Phnom Penh,181040,14453680,AS,.kh,KHR,Riels,855,+ACMAIwAjACMAIw-,+AF4-(+AFw-d+AHs-5+AH0-)+ACQ-,km,fr,en,1831722,LA,TH,VN,,,,,,,,,,,,,,,,,,,,,,,,,,,,,,,,
KI,KIR,296,KR,Kiribati,Tarawa,811,92533,OC,.ki,AUD,Dollar,686,,,en+AC0-KI,gil,4030945,,,,,,,,,,,,,,,,,,,,,,,,,,,,,,,,,,,,
KM,COM,174,CN,Comoros,Moroni,2170,773407,AF,.km,KMF,Franc,269,,,ar,fr+AC0-KM,921929,,,,,,,,,,,,,,,,,,,,,,,,,,,,,,,,,,,,
KN,KNA,659,SC,Saint Kitts and Nevis,Basseterre,261,51134,NA,.kn,XCD,Dollar,+//0-869,,,en+AC0-KN,3575174,,,,,,,,,,,,,,,,,,,,,,,,,,,,,,,,,,,,,
KP,PRK,408,KN,N. Korea,Pyongyang,120540,22912177,AS,.kp,KPW,Won,850,+ACMAIwAjAC0AIwAjACM-,+AF4-(+AFw-d+AHs-6+AH0-)+ACQ-,ko+AC0-KP,1873107,CN,KR,RU,,,,,,,,,,,,,,,,,,,,,,,,,,,,,,,,,,
KR,KOR,410,KS,S. Korea,Seoul,98480,48422644,AS,.kr,KRW,Won,82,SEOUL +ACMAIwAjAC0AIwAjACM-,+AF4-(?:SEOUL)+ACo-(+AFw-d+AHs-6+AH0-)+ACQ-,ko+AC0-KR,en,1835841,KP,,,,,,,,,,,,,,,,,,,,,,,,,,,,,,,,,,,
XK,XKX,0,KV,Kosovo,Pristina,10908,1800000,EU,,EUR,Euro,,,,sq,sr,831053,RS,AL,MK,ME,,,,,,,,,,,,,,,,,,,,,,,,,,,,,,,,
KW,KWT,414,KU,Kuwait,Kuwait City,17820,2789132,AS,.kw,KWD,Dinar,965,+ACMAIwAjACMAIw-,+AF4-(+AFw-d+AHs-5+AH0-)+ACQ-,ar+AC0-KW,en,285570,SA,IQ,,,,,,,,,,,,,,,,,,,,,,,,,,,,,,,,,,
KY,CYM,136,CJ,Cayman Islands,George Town,262,44270,NA,.ky,KYD,Dollar,+//0-345,,,en+AC0-KY,3580718,,,,,,,,,,,,,,,,,,,,,,,,,,,,,,,,,,,,,
KZ,KAZ,398,KZ,Kazakhstan,Astana,2717300,15340000,AS,.kz,KZT,Tenge,7,+ACMAIwAjACMAIwAj-,+AF4-(+AFw-d+AHs-6+AH0-)+ACQ-,kk,ru,1522867,TM,CN,KG,UZ,RU,,,,,,,,,,,,,,,,,,,,,,,,,,,,,,,
LA,LAO,418,LA,Laos,Vientiane,236800,6368162,AS,.la,LAK,Kip,856,+ACMAIwAjACMAIw-,+AF4-(+AFw-d+AHs-5+AH0-)+ACQ-,lo,fr,en,1655842,CN,MM,KH,TH,VN,,,,,,,,,,,,,,,,,,,,,,,,,,,,,,
LB,LBN,422,LE,Lebanon,Beirut,10400,4125247,AS,.lb,LBP,Pound,961,+ACMAIwAjACM- +ACMAIwAjACMAfAAjACMAIwAj-,+AF4-(+AFw-d+AHs-4+AH0-(+AFw-d+AHs-4+AH0-)?)+ACQ-,ar+AC0-LB,fr+AC0-LB,en,hy,272103,SY,IL,,,,,,,,,,,,,,,,,,,,,,,,,,,,,,,,
LC,LCA,662,ST,Saint Lucia,Castries,616,160922,NA,.lc,XCD,Dollar,+//0-758,,,en+AC0-LC,3576468,,,,,,,,,,,,,,,,,,,,,,,,,,,,,,,,,,,,,
LI,LIE,438,LS,Liechtenstein,Vaduz,160,35000,EU,.li,CHF,Franc,423,+ACMAIwAjACM-,+AF4-(+AFw-d+AHs-4+AH0-)+ACQ-,de+AC0-LI,3042058,CH,AT,,,,,,,,,,,,,,,,,,,,,,,,,,,,,,,,,,,
LK,LKA,144,CE,Sri Lanka,Colombo,65610,21513990,AS,.lk,LKR,Rupee,94,+ACMAIwAjACMAIw-,+AF4-(+AFw-d+AHs-5+AH0-)+ACQ-,si,ta,en,1227603,,,,,,,,,,,,,,,,,,,,,,,,,,,,,,,,,,,
LR,LBR,430,LI,Liberia,Monrovia,111370,3685076,AF,.lr,LRD,Dollar,231,+ACMAIwAjACM-,+AF4-(+AFw-d+AHs-4+AH0-)+ACQ-,en+AC0-LR,2275384,SL,CI,GN,,,,,,,,,,,,,,,,,,,,,,,,,,,,,,,,,,
LS,LSO,426,LT,Lesotho,Maseru,30355,1919552,AF,.ls,LSL,Loti,266,+ACMAIwAj-,+AF4-(+AFw-d+AHs-3+AH0-)+ACQ-,en+AC0-LS,st,zu,xh,932692,ZA,,,,,,,,,,,,,,,,,,,,,,,,,,,,,,,,,
LT,LTU,440,LH,Lithuania,Vilnius,65200,2944459,EU,.lt,EUR,Euro,370,LT+AC0AIwAjACMAIwAj-,+AF4-(?:LT)+ACo-(+AFw-d+AHs-5+AH0-)+ACQ-,lt,ru,pl,597427,PL,BY,RU,LV,,,,,,,,,,,,,,,,,,,,,,,,,,,,,,,
LU,LUX,442,LU,Luxembourg,Luxembourg,2586,497538,EU,.lu,EUR,Euro,352,L+AC0AIwAjACMAIw-,+AF4-(?:L+AC0-)?+AFw-d+AHs-4+AH0AJA-,lb,de+AC0-LU,fr+AC0-LU,2960313,DE,BE,FR,,,,,,,,,,,,,,,,,,,,,,,,,,,,,,,,
LV,LVA,428,LG,Latvia,Riga,64589,2217969,EU,.lv,EUR,Euro,371,LV+AC0AIwAjACMAIw-,+AF4-(?:LV)+ACo-(+AFw-d+AHs-4+AH0-)+ACQ-,lv,ru,lt,458258,LT,EE,BY,RU,,,,,,,,,,,,,,,,,,,,,,,,,,,,,,,
LY,LBY,434,LY,Libya,Tripoli,1759540,6461454,AF,.ly,LYD,Dinar,218,,,ar+AC0-LY,it,en,2215636,TD,NE,DZ,SD,TN,EG,,,,,,,,,,,,,,,,,,,,,,,,,,,,,
MA,MAR,504,MO,Morocco,Rabat,446550,33848242,AF,.ma,MAD,Dirham,212,+ACMAIwAjACMAIw-,+AF4-(+AFw-d+AHs-5+AH0-)+ACQ-,ar+AC0-MA,ber,fr,2542007,DZ,EH,ES,,,,,,,,,,,,,,,,,,,,,,,,,,,,,,,,
MC,MCO,492,MN,Monaco,Monaco,1.95,32965,EU,.mc,EUR,Euro,377,+ACMAIwAjACMAIw-,+AF4-(+AFw-d+AHs-5+AH0-)+ACQ-,fr+AC0-MC,en,it,2993457,FR,,,,,,,,,,,,,,,,,,,,,,,,,,,,,,,,,,
MD,MDA,498,MD,Moldova,Chisinau,33843,4324000,EU,.md,MDL,Leu,373,MD+AC0AIwAjACMAIw-,+AF4-MD+AC0AXA-d+AHs-4+AH0AJA-,ro,ru,gag,tr,617790,RO,UA,,,,,,,,,,,,,,,,,,,,,,,,,,,,,,,,
ME,MNE,499,MJ,Montenegro,Podgorica,14026,666730,EU,.me,EUR,Euro,382,+ACMAIwAjACMAIw-,+AF4-(+AFw-d+AHs-5+AH0-)+ACQ-,sr,hu,bs,sq,hr,rom,3194884,AL,HR,BA,RS,XK,,,,,,,,,,,,,,,,,,,,,,,,,,,
MF,MAF,663,RN,Saint Martin,Marigot,53,35925,NA,.gp,EUR,Euro,590,+ACMAIwAj- +ACMAIwAj-,,fr,3578421,SX,,,,,,,,,,,,,,,,,,,,,,,,,,,,,,,,,,,,
MG,MDG,450,MA,Madagascar,Antananarivo,587040,21281844,AF,.mg,MGA,Ariary,261,+ACMAIwAj-,+AF4-(+AFw-d+AHs-3+AH0-)+ACQ-,fr+AC0-MG,mg,1062947,,,,,,,,,,,,,,,,,,,,,,,,,,,,,,,,,,,,
MH,MHL,584,RM,Marshall Islands,Majuro,181.3,65859,OC,.mh,USD,Dollar,692,+ACMAIwAjACMAIwAtACMAIwAjACM-,+AF4-969+AFw-d+AHs-2+AH0-(+AC0AXA-d+AHs-4+AH0-)+ACQ-,mh,en+AC0-MH,2080185,,,,,,,,,,,,,,,,,,,,,,,,,,,,,,,,,,,,
MK,MKD,807,MK,Macedonia,Skopje,25333,2062294,EU,.mk,MKD,Denar,389,+ACMAIwAjACM-,+AF4-(+AFw-d+AHs-4+AH0-)+ACQ-,mk,sq,tr,rmm,sr,718075,AL,GR,BG,RS,XK,,,,,,,,,,,,,,,,,,,,,,,,,,,,
ML,MLI,466,ML,Mali,Bamako,1240000,13796354,AF,.ml,XOF,Franc,223,,,fr+AC0-ML,bm,2453866,SN,NE,DZ,CI,GN,MR,BF,,,,,,,,,,,,,,,,,,,,,,,,,,,,,
MM,MMR,104,BM,Myanmar,Nay Pyi Taw,678500,53414374,AS,.mm,MMK,Kyat,95,+ACMAIwAjACMAIw-,+AF4-(+AFw-d+AHs-5+AH0-)+ACQ-,my,1327865,CN,LA,TH,BD,IN,,,,,,,,,,,,,,,,,,,,,,,,,,,,,,,,
MN,MNG,496,MG,Mongolia,Ulan Bator,1565000,3086918,AS,.mn,MNT,Tugrik,976,+ACMAIwAjACMAIwAj-,+AF4-(+AFw-d+AHs-6+AH0-)+ACQ-,mn,ru,2029969,CN,RU,,,,,,,,,,,,,,,,,,,,,,,,,,,,,,,,,,
MO,MAC,446,MC,Macao,Macao,254,449198,AS,.mo,MOP,Pataca,853,,,zh,zh+AC0-MO,pt,1821275,,,,,,,,,,,,,,,,,,,,,,,,,,,,,,,,,,,
MP,MNP,580,CQ,Northern Mariana Islands,Saipan,477,53883,OC,.mp,USD,Dollar,+//0-670,+ACMAIwAjACMAIwAtACMAIwAjACM-,+AF4-9695+AFw-d+AHs-1+AH0-(+AC0AXA-d+AHs-4+AH0-)+ACQ-,fil,tl,zh,ch+AC0-MP,en+AC0-MP,4041468,,,,,,,,,,,,,,,,,,,,,,,,,,,,,,,,,
MQ,MTQ,474,MB,Martinique,Fort+AC0-de+AC0-France,1100,432900,NA,.mq,EUR,Euro,596,+ACMAIwAjACMAIw-,+AF4-(+AFw-d+AHs-5+AH0-)+ACQ-,fr+AC0-MQ,3570311,,,,,,,,,,,,,,,,,,,,,,,,,,,,,,,,,,,,,
MR,MRT,478,MR,Mauritania,Nouakchott,1030700,3205060,AF,.mr,MRO,Ouguiya,222,,,ar+AC0-MR,fuc,snk,fr,mey,wo,2378080,SN,DZ,EH,ML,,,,,,,,,,,,,,,,,,,,,,,,,,,,
MS,MSR,500,MH,Montserrat,Plymouth,102,9341,NA,.ms,XCD,Dollar,+//0-664,,,en+AC0-MS,3578097,,,,,,,,,,,,,,,,,,,,,,,,,,,,,,,,,,,,,
MT,MLT,470,MT,Malta,Valletta,316,403000,EU,.mt,EUR,Euro,356,+AEAAQABA- +ACMAIwAjACM-,+AF4AWw-A+AC0-Z+AF0Aew-3+AH0AXA-s?+AFw-d+AHs-4+AH0AJA-,mt,en+AC0-MT,2562770,,,,,,,,,,,,,,,,,,,,,,,,,,,,,,,,,,,,
MU,MUS,480,MP,Mauritius,Port Louis,2040,1294104,AF,.mu,MUR,Rupee,230,,,en+AC0-MU,bho,fr,934292,,,,,,,,,,,,,,,,,,,,,,,,,,,,,,,,,,,
MV,MDV,462,MV,Maldives,Male,300,395650,AS,.mv,MVR,Rufiyaa,960,+ACMAIwAjACMAIw-,+AF4-(+AFw-d+AHs-5+AH0-)+ACQ-,dv,en,1282028,,,,,,,,,,,,,,,,,,,,,,,,,,,,,,,,,,,,
MW,MWI,454,MI,Malawi,Lilongwe,118480,15447500,AF,.mw,MWK,Kwacha,265,,,ny,yao,tum,swk,927384,TZ,MZ,ZM,,,,,,,,,,,,,,,,,,,,,,,,,,,,,,,
MX,MEX,484,MX,Mexico,Mexico City,1972550,112468855,NA,.mx,MXN,Peso,52,+ACMAIwAjACMAIw-,+AF4-(+AFw-d+AHs-5+AH0-)+ACQ-,es+AC0-MX,3996063,GT,US,BZ,,,,,,,,,,,,,,,,,,,,,,,,,,,,,,,,,,
MY,MYS,458,MY,Malaysia,Kuala Lumpur,329750,28274729,AS,.my,MYR,Ringgit,60,+ACMAIwAjACMAIw-,+AF4-(+AFw-d+AHs-5+AH0-)+ACQ-,ms+AC0-MY,en,zh,ta,te,ml,pa,th,1733045,BN,TH,ID,,,,,,,,,,,,,,,,,,,,,,,,,,,
MZ,MOZ,508,MZ,Mozambique,Maputo,801590,22061451,AF,.mz,MZN,Metical,258,+ACMAIwAjACM-,+AF4-(+AFw-d+AHs-4+AH0-)+ACQ-,pt+AC0-MZ,vmw,1036973,ZW,TZ,SZ,ZA,ZM,MW,,,,,,,,,,,,,,,,,,,,,,,,,,,,,,
NA,NAM,516,WA,Namibia,Windhoek,825418,2128471,AF,.na,NAD,Dollar,264,,,en+AC0-NA,af,de,hz,naq,3355338,ZA,BW,ZM,AO,,,,,,,,,,,,,,,,,,,,,,,,,,,,,
NC,NCL,540,NC,New Caledonia,Noumea,19060,216494,OC,.nc,XPF,Franc,687,+ACMAIwAjACMAIw-,+AF4-(+AFw-d+AHs-5+AH0-)+ACQ-,fr+AC0-NC,2139685,,,,,,,,,,,,,,,,,,,,,,,,,,,,,,,,,,,,,
NE,NER,562,NG,Niger,Niamey,1267000,15878271,AF,.ne,XOF,Franc,227,+ACMAIwAjACM-,+AF4-(+AFw-d+AHs-4+AH0-)+ACQ-,fr+AC0-NE,ha,kr,dje,2440476,TD,BJ,DZ,LY,BF,NG,ML,,,,,,,,,,,,,,,,,,,,,,,,,,,
NF,NFK,574,NF,Norfolk Island,Kingston,34.6,1828,OC,.nf,AUD,Dollar,672,+ACMAIwAjACM-,+AF4-(+AFw-d+AHs-4+AH0-)+ACQ-,en+AC0-NF,2155115,,,,,,,,,,,,,,,,,,,,,,,,,,,,,,,,,,,,,
NG,NGA,566,NI,Nigeria,Abuja,923768,154000000,AF,.ng,NGN,Naira,234,+ACMAIwAjACMAIwAj-,+AF4-(+AFw-d+AHs-6+AH0-)+ACQ-,en+AC0-NG,ha,yo,ig,ff,2328926,TD,NE,BJ,CM,,,,,,,,,,,,,,,,,,,,,,,,,,,,,
NI,NIC,558,NU,Nicaragua,Managua,129494,5995928,NA,.ni,NIO,Cordoba,505,+ACMAIwAjAC0AIwAjACMALQAj-,+AF4-(+AFw-d+AHs-7+AH0-)+ACQ-,es+AC0-NI,en,3617476,CR,HN,,,,,,,,,,,,,,,,,,,,,,,,,,,,,,,,,,
NL,NLD,528,NL,Netherlands,Amsterdam,41526,16645000,EU,.nl,EUR,Euro,31,+ACMAIwAjACM- +AEAAQA-,+AF4-(+AFw-d+AHs-4+AH0AWw-A+AC0-Z+AF0Aew-2+AH0-)+ACQ-,nl+AC0-NL,fy+AC0-NL,2750405,DE,BE,,,,,,,,,,,,,,,,,,,,,,,,,,,,,,,,,,
NO,NOR,578,NO,Norway,Oslo,324220,5009150,EU,.no,NOK,Krone,47,+ACMAIwAjACM-,+AF4-(+AFw-d+AHs-4+AH0-)+ACQ-,no,nb,nn,se,fi,3144096,FI,RU,SE,,,,,,,,,,,,,,,,,,,,,,,,,,,,,,
NP,NPL,524,NP,Nepal,Kathmandu,140800,28951852,AS,.np,NPR,Rupee,977,+ACMAIwAjACMAIw-,+AF4-(+AFw-d+AHs-5+AH0-)+ACQ-,ne,en,1282988,CN,IN,,,,,,,,,,,,,,,,,,,,,,,,,,,,,,,,,,
NR,NRU,520,NR,Nauru,Yaren,21,10065,OC,.nr,AUD,Dollar,674,,,na,en+AC0-NR,2110425,,,,,,,,,,,,,,,,,,,,,,,,,,,,,,,,,,,,
NU,NIU,570,NE,Niue,Alofi,260,2166,OC,.nu,NZD,Dollar,683,,,niu,en+AC0-NU,4036232,,,,,,,,,,,,,,,,,,,,,,,,,,,,,,,,,,,,
NZ,NZL,554,NZ,New Zealand,Wellington,268680,4252277,OC,.nz,NZD,Dollar,64,+ACMAIwAjACM-,+AF4-(+AFw-d+AHs-4+AH0-)+ACQ-,en+AC0-NZ,mi,2186224,,,,,,,,,,,,,,,,,,,,,,,,,,,,,,,,,,,,
OM,OMN,512,MU,Oman,Muscat,212460,2967717,AS,.om,OMR,Rial,968,+ACMAIwAj-,+AF4-(+AFw-d+AHs-3+AH0-)+ACQ-,ar+AC0-OM,en,bal,ur,286963,SA,YE,AE,,,,,,,,,,,,,,,,,,,,,,,,,,,,,,,
PA,PAN,591,PM,Panama,Panama City,78200,3410676,NA,.pa,PAB,Balboa,507,,,es+AC0-PA,en,3703430,CR,CO,,,,,,,,,,,,,,,,,,,,,,,,,,,,,,,,,,
PE,PER,604,PE,Peru,Lima,1285220,29907003,SA,.pe,PEN,Sol,51,,,es+AC0-PE,qu,ay,3932488,EC,CL,BO,BR,CO,,,,,,,,,,,,,,,,,,,,,,,,,,,,,,
PF,PYF,258,FP,French Polynesia,Papeete,4167,270485,OC,.pf,XPF,Franc,689,+ACMAIwAjACMAIw-,+AF4-((97+AHw-98)7+AFw-d+AHs-2+AH0-)+ACQ-,fr+AC0-PF,ty,4030656,,,,,,,,,,,,,,,,,,,,,,,,,,,,,,,,,,,,
PG,PNG,598,PP,Papua New Guinea,Port Moresby,462840,6064515,OC,.pg,PGK,Kina,675,+ACMAIwAj-,+AF4-(+AFw-d+AHs-3+AH0-)+ACQ-,en+AC0-PG,ho,meu,tpi,2088628,ID,,,,,,,,,,,,,,,,,,,,,,,,,,,,,,,,,
PH,PHL,608,RP,Philippines,Manila,300000,99900177,AS,.ph,PHP,Peso,63,+ACMAIwAjACM-,+AF4-(+AFw-d+AHs-4+AH0-)+ACQ-,tl,en+AC0-PH,fil,1694008,,,,,,,,,,,,,,,,,,,,,,,,,,,,,,,,,,,
PK,PAK,586,PK,Pakistan,Islamabad,803940,184404791,AS,.pk,PKR,Rupee,92,+ACMAIwAjACMAIw-,+AF4-(+AFw-d+AHs-5+AH0-)+ACQ-,ur+AC0-PK,en+AC0-PK,pa,sd,ps,brh,1168579,CN,AF,IR,IN,,,,,,,,,,,,,,,,,,,,,,,,,,,,
PL,POL,616,PL,Poland,Warsaw,312685,38500000,EU,.pl,PLN,Zloty,48,+ACMAIwAtACMAIwAj-,+AF4AXA-d+AHs-2+AH0ALQBc-d+AHs-3+AH0AJA-,pl,798544,DE,LT,SK,CZ,BY,UA,RU,,,,,,,,,,,,,,,,,,,,,,,,,,,,,,
PM,SPM,666,SB,St Pierre and M,Saint+AC0-Pierre,242,7012,NA,.pm,EUR,Euro,508,+ACMAIwAjACMAIw-,+AF4-(97500)+ACQ-,fr+AC0-PM,3424932,,,,,,,,,,,,,,,,,,,,,,,,,,,,,,,,,,,,,
PN,PCN,612,PC,Pitcairn,Adamstown,47,46,OC,.pn,NZD,Dollar,870,,,en+AC0-PN,4030699,,,,,,,,,,,,,,,,,,,,,,,,,,,,,,,,,,,,,
PR,PRI,630,RQ,Puerto Rico,San Juan,9104,3916632,NA,.pr,USD,Dollar,+//0-787 and 1+AC0-939,+ACMAIwAjACMAIwAtACMAIwAjACM-,+AF4-00+AFs-679+AF0AXA-d+AHs-2+AH0-(?:+AC0AXA-d+AHs-4+AH0-)?+ACQ-,en+AC0-PR,es+AC0-PR,4566966,,,,,,,,,,,,,,,,,,,,,,,,,,,,,,,,,,,,
PS,PSE,275,WE,Palestine,East Jerusalem,5970,3800000,AS,.ps,ILS,Shekel,970,,,ar+AC0-PS,6254930,JO,IL,EG,,,,,,,,,,,,,,,,,,,,,,,,,,,,,,,,,,
PT,PRT,620,PO,Portugal,Lisbon,92391,10676000,EU,.pt,EUR,Euro,351,+ACMAIwAjACMALQAjACMAIw-,#NAME?,25+AH0AJA-,pt+AC0-PT,mwl,2264397,ES,,,,,,,,,,,,,,,,,,,,,,,,,,,,,,,,,,
PW,PLW,585,PS,Palau,Melekeok,458,19907,OC,.pw,USD,Dollar,680,96940,+AF4-(96940)+ACQ-,pau,sov,en+AC0-PW,tox,ja,fil,zh,1559582,,,,,,,,,,,,,,,,,,,,,,,,,,,,,,,
PY,PRY,600,PA,Paraguay,Asuncion,406750,6375830,SA,.py,PYG,Guarani,595,+ACMAIwAjACM-,+AF4-(+AFw-d+AHs-4+AH0-)+ACQ-,es+AC0-PY,gn,3437598,BO,BR,AR,,,,,,,,,,,,,,,,,,,,,,,,,,,,,,,,,
QA,QAT,634,QA,Qatar,Doha,11437,840926,AS,.qa,QAR,Rial,974,,,ar+AC0-QA,es,289688,SA,,,,,,,,,,,,,,,,,,,,,,,,,,,,,,,,,,,
RE,REU,638,RE,Reunion,Saint+AC0-Denis,2517,776948,AF,.re,EUR,Euro,262,+ACMAIwAjACMAIw-,+AF4-((97+AHw-98)(4+AHw-7+AHw-8)+AFw-d+AHs-2+AH0-)+ACQ-,fr+AC0-RE,935317,,,,,,,,,,,,,,,,,,,,,,,,,,,,,,,,,,,,,
RO,ROU,642,RO,Romania,Bucharest,237500,21959278,EU,.ro,RON,Leu,40,+ACMAIwAjACMAIwAj-,+AF4-(+AFw-d+AHs-6+AH0-)+ACQ-,ro,hu,rom,798549,MD,HU,UA,BG,RS,,,,,,,,,,,,,,,,,,,,,,,,,,,,,,
RS,SRB,688,RI,Serbia,Belgrade,88361,7344847,EU,.rs,RSD,Dinar,381,+ACMAIwAjACMAIwAj-,+AF4-(+AFw-d+AHs-6+AH0-)+ACQ-,sr,hu,bs,rom,6290252,AL,HU,MK,RO,HR,BA,BG,ME,XK,,,,,,,,,,,,,,,,,,,,,,,,,
RU,RUS,643,RS,Russia,Moscow,17100000,140702000,EU,.ru,RUB,Ruble,7,+ACMAIwAjACMAIwAj-,+AF4-(+AFw-d+AHs-6+AH0-)+ACQ-,ru,tt,xal,cau,ady,kv,ce,tyv,cv,udm,tut,mns,bua,myv,mdf,chm,ba,inh,tut,kbd,krc,av,sah,nog,2017370,GE,CN,BY,UA,KZ,LV,PL,EE,LT,FI,MN,NO,AZ,KP
RW,RWA,646,RW,Rwanda,Kigali,26338,11055976,AF,.rw,RWF,Franc,250,,,rw,en+AC0-RW,fr+AC0-RW,sw,49518,TZ,CD,BI,UG,,,,,,,,,,,,,,,,,,,,,,,,,,,,,,
SA,SAU,682,SA,Saudi Arabia,Riyadh,1960582,25731776,AS,.sa,SAR,Rial,966,+ACMAIwAjACMAIw-,+AF4-(+AFw-d+AHs-5+AH0-)+ACQ-,ar+AC0-SA,102358,QA,OM,IQ,YE,JO,AE,KW,,,,,,,,,,,,,,,,,,,,,,,,,,,,,,
SB,SLB,90,BP,Solomon Islands,Honiara,28450,559198,OC,.sb,SBD,Dollar,677,,,en+AC0-SB,tpi,2103350,,,,,,,,,,,,,,,,,,,,,,,,,,,,,,,,,,,,
SC,SYC,690,SE,Seychelles,Victoria,455,88340,AF,.sc,SCR,Rupee,248,,,en+AC0-SC,fr+AC0-SC,241170,,,,,,,,,,,,,,,,,,,,,,,,,,,,,,,,,,,,
SD,SDN,729,SU,Sudan,Khartoum,1861484,35000000,AF,.sd,SDG,Pound,249,+ACMAIwAjACMAIw-,+AF4-(+AFw-d+AHs-5+AH0-)+ACQ-,ar+AC0-SD,en,fia,366755,SS,TD,EG,ET,ER,LY,CF,,,,,,,,,,,,,,,,,,,,,,,,,,,,
SS,SSD,728,OD,South Sudan,Juba,644329,8260490,AF,,SSP,Pound,211,,,en,7909807,CD,CF,ET,KE,SD,UG,,,,,,,,,,,,,,,,,,,,,,,,,,,,,,,
SE,SWE,752,SW,Sweden,Stockholm,449964,9828655,EU,.se,SEK,Krona,46,+ACMAIwAj- +ACMAIw-,+AF4-(?:SE)?+AFw-d+AHs-3+AH0AXA-s+AFw-d+AHs-2+AH0AJA-,sv+AC0-SE,se,sma,fi+AC0-SE,2661886,NO,FI,,,,,,,,,,,,,,,,,,,,,,,,,,,,,,,,
SG,SGP,702,SN,Singapore,Singapore,692.7,4701069,AS,.sg,SGD,Dollar,65,+ACMAIwAjACMAIwAj-,+AF4-(+AFw-d+AHs-6+AH0-)+ACQ-,cmn,en+AC0-SG,ms+AC0-SG,ta+AC0-SG,zh+AC0-SG,1880251,,,,,,,,,,,,,,,,,,,,,,,,,,,,,,,,,
SH,SHN,654,SH,Saint Helena,Jamestown,410,7460,AF,.sh,SHP,Pound,290,STHL 1ZZ,+AF4-(STHL1ZZ)+ACQ-,en+AC0-SH,3370751,,,,,,,,,,,,,,,,,,,,,,,,,,,,,,,,,,,,,
SI,SVN,705,SI,Slovenia,Ljubljana,20273,2007000,EU,.si,EUR,Euro,386,+ACMAIwAjACM-,+AF4-(?:SI)+ACo-(+AFw-d+AHs-4+AH0-)+ACQ-,sl,sh,3190538,HU,IT,HR,AT,,,,,,,,,,,,,,,,,,,,,,,,,,,,,,,,
SJ,SJM,744,SV,Svalbard and Jan Mayen,Longyearbyen,62049,2550,EU,.sj,NOK,Krone,47,+ACMAIwAjACM-,+AF4-(+AFw-d+AHs-4+AH0-)+ACQ-,no,ru,607072,,,,,,,,,,,,,,,,,,,,,,,,,,,,,,,,,,,,
SK,SVK,703,LO,Slovakia,Bratislava,48845,5455000,EU,.sk,EUR,Euro,421,+ACMAIwAj- +ACMAIw-,+AF4AXA-d+AHs-3+AH0AXA-s?+AFw-d+AHs-2+AH0AJA-,sk,hu,3057568,PL,HU,CZ,UA,AT,,,,,,,,,,,,,,,,,,,,,,,,,,,,,,,
SL,SLE,694,SL,Sierra Leone,Freetown,71740,5245695,AF,.sl,SLL,Leone,232,,,en+AC0-SL,men,tem,2403846,LR,GN,,,,,,,,,,,,,,,,,,,,,,,,,,,,,,,,,
SM,SMR,674,SM,San Marino,San Marino,61.2,31477,EU,.sm,EUR,Euro,378,4789+ACM-,+AF4-(4789+AFw-d)+ACQ-,it+AC0-SM,3168068,IT,,,,,,,,,,,,,,,,,,,,,,,,,,,,,,,,,,,,
SN,SEN,686,SG,Senegal,Dakar,196190,12323252,AF,.sn,XOF,Franc,221,+ACMAIwAjACMAIw-,+AF4-(+AFw-d+AHs-5+AH0-)+ACQ-,fr+AC0-SN,wo,fuc,mnk,2245662,GN,MR,GW,GM,ML,,,,,,,,,,,,,,,,,,,,,,,,,,,,,
SO,SOM,706,SO,Somalia,Mogadishu,637657,10112453,AF,.so,SOS,Shilling,252,+AEAAQA-  +ACMAIwAjACMAIw-,+AF4-(+AFs-A+AC0-Z+AF0Aew-2+AH0AXA-d+AHs-5+AH0-)+ACQ-,so+AC0-SO,ar+AC0-SO,it,en+AC0-SO,51537,ET,KE,DJ,,,,,,,,,,,,,,,,,,,,,,,,,,,,,,,
SR,SUR,740,NS,Suriname,Paramaribo,163270,492829,SA,.sr,SRD,Dollar,597,,,nl+AC0-SR,en,srn,hns,jv,3382998,GY,BR,GF,,,,,,,,,,,,,,,,,,,,,,,,,,,,,,
ST,STP,678,TP,Sao Tome and Principe,Sao Tome,1001,175808,AF,.st,STD,Dobra,239,,,pt+AC0-ST,2410758,,,,,,,,,,,,,,,,,,,,,,,,,,,,,,,,,,,,,
SV,SLV,222,ES,El Salvador,San Salvador,21040,6052064,NA,.sv,USD,Dollar,503,CP +ACMAIwAjACM-,+AF4-(?:CP)+ACo-(+AFw-d+AHs-4+AH0-)+ACQ-,es+AC0-SV,3585968,GT,HN,,,,,,,,,,,,,,,,,,,,,,,,,,,,,,,,,,,
SX,SXM,534,NN,Sint Maarten,Philipsburg,21,37429,NA,.sx,ANG,Guilder,599,,,nl,en,7609695,MF,,,,,,,,,,,,,,,,,,,,,,,,,,,,,,,,,,,
SY,SYR,760,SY,Syria,Damascus,185180,22198110,AS,.sy,SYP,Pound,963,,,ar+AC0-SY,ku,hy,arc,fr,en,163843,IQ,JO,IL,TR,LB,,,,,,,,,,,,,,,,,,,,,,,,,,,
SZ,SWZ,748,WZ,Swaziland,Mbabane,17363,1354051,AF,.sz,SZL,Lilangeni,268,+AEAAIwAjACM-,+AF4-(+AFs-A+AC0-Z+AF0AXA-d+AHs-3+AH0-)+ACQ-,en+AC0-SZ,ss+AC0-SZ,934841,ZA,MZ,,,,,,,,,,,,,,,,,,,,,,,,,,,,,,,,,,
TC,TCA,796,TK,Turks and Caicos Islands,Cockburn Town,430,20556,NA,.tc,USD,Dollar,+//0-649,TKCA 1ZZ,+AF4-(TKCA 1ZZ)+ACQ-,en+AC0-TC,3576916,,,,,,,,,,,,,,,,,,,,,,,,,,,,,,,,,,,,,
TD,TCD,148,CD,Chad,N'Djamena,1284000,10543464,AF,.td,XAF,Franc,235,,,fr+AC0-TD,ar+AC0-TD,sre,2434508,NE,LY,CF,SD,CM,NG,,,,,,,,,,,,,,,,,,,,,,,,,,,,,
TF,ATF,260,FS,French Southern Territories,Port+AC0-aux+AC0-Francais,7829,140,AN,.tf,EUR,Euro  ,,,,fr,1546748,,,,,,,,,,,,,,,,,,,,,,,,,,,,,,,,,,,,,
TG,TGO,768,TO,Togo,Lome,56785,6587239,AF,.tg,XOF,Franc,228,,,fr+AC0-TG,ee,hna,kbp,dag,ha,2363686,BJ,GH,BF,,,,,,,,,,,,,,,,,,,,,,,,,,,,,
TH,THA,764,TH,Thailand,Bangkok,514000,67089500,AS,.th,THB,Baht,66,+ACMAIwAjACMAIw-,+AF4-(+AFw-d+AHs-5+AH0-)+ACQ-,th,en,1605651,LA,MM,KH,MY,,,,,,,,,,,,,,,,,,,,,,,,,,,,,,,,
TJ,TJK,762,TI,Tajikistan,Dushanbe,143100,7487489,AS,.tj,TJS,Somoni,992,+ACMAIwAjACMAIwAj-,+AF4-(+AFw-d+AHs-6+AH0-)+ACQ-,tg,ru,1220409,CN,AF,KG,UZ,,,,,,,,,,,,,,,,,,,,,,,,,,,,,,,,
TK,TKL,772,TL,Tokelau,,10,1466,OC,.tk,NZD,Dollar,690,,,tkl,en+AC0-TK,4031074,,,,,,,,,,,,,,,,,,,,,,,,,,,,,,,,,,,,
TL,TLS,626,TT,East Timor,Dili,15007,1154625,OC,.tl,USD,Dollar,670,,,tet,pt+AC0-TL,id,en,1966436,ID,,,,,,,,,,,,,,,,,,,,,,,,,,,,,,,,,
TM,TKM,795,TX,Turkmenistan,Ashgabat,488100,4940916,AS,.tm,TMT,Manat,993,+ACMAIwAjACMAIwAj-,+AF4-(+AFw-d+AHs-6+AH0-)+ACQ-,tk,ru,uz,1218197,AF,IR,UZ,KZ,,,,,,,,,,,,,,,,,,,,,,,,,,,,,,,
TN,TUN,788,TS,Tunisia,Tunis,163610,10589025,AF,.tn,TND,Dinar,216,+ACMAIwAjACM-,+AF4-(+AFw-d+AHs-4+AH0-)+ACQ-,ar+AC0-TN,fr,2464461,DZ,LY,,,,,,,,,,,,,,,,,,,,,,,,,,,,,,,,,,
TO,TON,776,TN,Tonga,Nuku'alofa,748,122580,OC,.to,TOP,Pa'anga,676,,,to,en+AC0-TO,4032283,,,,,,,,,,,,,,,,,,,,,,,,,,,,,,,,,,,,
TR,TUR,792,TU,Turkey,Ankara,780580,77804122,AS,.tr,TRY,Lira,90,+ACMAIwAjACMAIw-,+AF4-(+AFw-d+AHs-5+AH0-)+ACQ-,tr+AC0-TR,ku,diq,az,av,298795,SY,GE,IQ,IR,GR,AM,AZ,BG,,,,,,,,,,,,,,,,,,,,,,,,,
TT,TTO,780,TD,Trinidad and Tobago,Port of Spain,5128,1228691,NA,.tt,TTD,Dollar,+//0-868,,,en+AC0-TT,hns,fr,es,zh,3573591,,,,,,,,,,,,,,,,,,,,,,,,,,,,,,,,,
TV,TUV,798,TV,Tuvalu,Funafuti,26,10472,OC,.tv,AUD,Dollar,688,,,tvl,en,sm,gil,2110297,,,,,,,,,,,,,,,,,,,,,,,,,,,,,,,,,,
TW,TWN,158,TW,Taiwan,Taipei,35980,22894384,AS,.tw,TWD,Dollar,886,+ACMAIwAjACMAIw-,+AF4-(+AFw-d+AHs-5+AH0-)+ACQ-,zh+AC0-TW,zh,nan,hak,1668284,,,,,,,,,,,,,,,,,,,,,,,,,,,,,,,,,,
TZ,TZA,834,TZ,Tanzania,Dodoma,945087,41892895,AF,.tz,TZS,Shilling,255,,,sw+AC0-TZ,en,ar,149590,MZ,KE,CD,RW,ZM,BI,UG,MW,,,,,,,,,,,,,,,,,,,,,,,,,,,
UA,UKR,804,UP,Ukraine,Kiev,603700,45415596,EU,.ua,UAH,Hryvnia,380,+ACMAIwAjACMAIw-,+AF4-(+AFw-d+AHs-5+AH0-)+ACQ-,uk,ru+AC0-UA,rom,pl,hu,690791,PL,MD,HU,SK,BY,RO,RU,,,,,,,,,,,,,,,,,,,,,,,,,,
UG,UGA,800,UG,Uganda,Kampala,236040,33398682,AF,.ug,UGX,Shilling,256,,,en+AC0-UG,lg,sw,ar,226074,TZ,KE,SS,CD,RW,,,,,,,,,,,,,,,,,,,,,,,,,,,,,
UM,UMI,581,,United States Minor Outlying Islands,,0,0,OC,.um,USD,Dollar ,1,,,en+AC0-UM,5854968,,,,,,,,,,,,,,,,,,,,,,,,,,,,,,,,,,,,,
US,USA,840,US,United States,Washington,9629091,310232863,NA,.us,USD,Dollar,1,+ACMAIwAjACMAIwAtACMAIwAjACM-,+AF4AXA-d+AHs-5+AH0-(+AC0AXA-d+AHs-4+AH0-)?+ACQ-,en+AC0-US,es+AC0-US,haw,fr,6252001,CA,MX,CU,,,,,,,,,,,,,,,,,,,,,,,,,,,,,,,
UY,URY,858,UY,Uruguay,Montevideo,176220,3477000,SA,.uy,UYU,Peso,598,+ACMAIwAjACMAIw-,+AF4-(+AFw-d+AHs-5+AH0-)+ACQ-,es+AC0-UY,3439705,BR,AR,,,,,,,,,,,,,,,,,,,,,,,,,,,,,,,,,,,
UZ,UZB,860,UZ,Uzbekistan,Tashkent,447400,27865738,AS,.uz,UZS,Som,998,+ACMAIwAjACMAIwAj-,+AF4-(+AFw-d+AHs-6+AH0-)+ACQ-,uz,ru,tg,1512440,TM,AF,KG,TJ,KZ,,,,,,,,,,,,,,,,,,,,,,,,,,,,,,
VA,VAT,336,VT,Vatican,Vatican City,0.44,921,EU,.va,EUR,Euro,379,+ACMAIwAjACMAIw-,+AF4-(+AFw-d+AHs-5+AH0-)+ACQ-,la,it,fr,3164670,IT,,,,,,,,,,,,,,,,,,,,,,,,,,,,,,,,,,
VC,VCT,670,VC,St Vincent and G,Kingstown,389,104217,NA,.vc,XCD,Dollar,+//0-784,,,en+AC0-VC,fr,3577815,,,,,,,,,,,,,,,,,,,,,,,,,,,,,,,,,,,,
VE,VEN,862,VE,Venezuela,Caracas,912050,27223228,SA,.ve,VEF,Bolivar,58,+ACMAIwAjACM-,+AF4-(+AFw-d+AHs-4+AH0-)+ACQ-,es+AC0-VE,3625428,GY,BR,CO,,,,,,,,,,,,,,,,,,,,,,,,,,,,,,,,,,
VG,VGB,92,VI,British Virgin Islands,Road Town,153,21730,NA,.vg,USD,Dollar,+//0-284,,,en+AC0-VG,3577718,,,,,,,,,,,,,,,,,,,,,,,,,,,,,,,,,,,,,
VI,VIR,850,VQ,U.S. Virgin Islands,Charlotte Amalie,352,108708,NA,.vi,USD,Dollar,+//0-340,+ACMAIwAjACMAIwAtACMAIwAjACM-,+AF4-008+AFw-d+AHs-2+AH0-(?:+AC0AXA-d+AHs-4+AH0-)?+ACQ-,en+AC0-VI,4796775,,,,,,,,,,,,,,,,,,,,,,,,,,,,,,,,,,,,,
VN,VNM,704,VM,Vietnam,Hanoi,329560,89571130,AS,.vn,VND,Dong,84,+ACMAIwAjACMAIwAj-,+AF4-(+AFw-d+AHs-6+AH0-)+ACQ-,vi,en,fr,zh,km,1562822,CN,LA,KH,,,,,,,,,,,,,,,,,,,,,,,,,,,,,,
VU,VUT,548,NH,Vanuatu,Port Vila,12200,221552,OC,.vu,VUV,Vatu,678,,,bi,en+AC0-VU,fr+AC0-VU,2134431,,,,,,,,,,,,,,,,,,,,,,,,,,,,,,,,,,,
WF,WLF,876,WF,Wallis and Futuna,Mata Utu,274,16025,OC,.wf,XPF,Franc,681,+ACMAIwAjACMAIw-,+AF4-(986+AFw-d+AHs-2+AH0-)+ACQ-,wls,fud,fr+AC0-WF,4034749,,,,,,,,,,,,,,,,,,,,,,,,,,,,,,,,,,,
WS,WSM,882,WS,Samoa,Apia,2944,192001,OC,.ws,WST,Tala,685,,,sm,en+AC0-WS,4034894,,,,,,,,,,,,,,,,,,,,,,,,,,,,,,,,,,,,
YE,YEM,887,YM,Yemen,Sanaa,527970,23495361,AS,.ye,YER,Rial,967,,,ar+AC0-YE,69543,SA,OM,,,,,,,,,,,,,,,,,,,,,,,,,,,,,,,,,,,
YT,MYT,175,MF,Mayotte,Mamoudzou,374,159042,AF,.yt,EUR,Euro,262,+ACMAIwAjACMAIw-,+AF4-(+AFw-d+AHs-5+AH0-)+ACQ-,fr+AC0-YT,1024031,,,,,,,,,,,,,,,,,,,,,,,,,,,,,,,,,,,,,
ZA,ZAF,710,SF,South Africa,Pretoria,1219912,49000000,AF,.za,ZAR,Rand,27,+ACMAIwAjACM-,+AF4-(+AFw-d+AHs-4+AH0-)+ACQ-,zu,xh,af,nso,en+AC0-ZA,tn,st,ts,ss,ve,nr,953987,ZW,SZ,MZ,BW,NA,LS,,,,,,,,,,,,,,,,,,,,,
ZM,ZMB,894,ZA,Zambia,Lusaka,752614,13460305,AF,.zm,ZMW,Kwacha,260,+ACMAIwAjACMAIw-,+AF4-(+AFw-d+AHs-5+AH0-)+ACQ-,en+AC0-ZM,bem,loz,lun,lue,ny,toi,895949,ZW,TZ,MZ,CD,NA,MW,AO,,,,,,,,,,,,,,,,,,,,,,,,
ZW,ZWE,716,ZI,Zimbabwe,Harare,390580,13061000,AF,.zw,ZWL,Dollar,263,,,en+AC0-ZW,sn,nr,nd,878675,ZA,MZ,BW,ZM,,,,,,,,,,,,,,,,,,,,,,,,,,,,,,
CS,SCG,891,YI,Serbia and Montenegro,Belgrade,102350,10829175,EU,.cs,RSD,Dinar,381,+ACMAIwAjACMAIw-,+AF4-(+AFw-d+AHs-5+AH0-)+ACQ-,cu,hu,sq,sr,8505033,AL,HU,MK,RO,HR,BA,BG,,,,,,,,,,,,,,,,,,,,,,,,,,,
AN,ANT,530,NT,Netherlands Antilles,Willemstad,960,300000,NA,.an,ANG,Guilder,599,,,nl+AC0-AN,en,es,8505032,GP,,,,,,,,,,,,,,,,,,,,,,,,,,,,,,,,,,