ISO_CODE,adminregion,capitalCity,iso3c,incomeLevel,iso2c,latitude,lendingType,longitude,name,region,country,year,SP.POP.0014.FE.IN,SP.POP.1564.MA.IN,SP.POP.65UP.FE.IN,SP.POP.0014.MA.IN,SP.POP.65UP.MA.IN,SP.POP.TOTL.FE.IN,SP.POP.TOTL.MA.IN,SP.POP.TOTL,EN.URB.MCTY,EN.URB.LCTY
AW,,Oranjestad,ABW,High income,AW,12.5167,Not classified,-70.0167,Aruba,Latin America & Caribbean ,Aruba,2017,9254.0,34521.0,7908.0,9598.0,5863.0,55282.0,49982.0,105264.0,,
AF,South Asia,Kabul,AFG,Low income,AF,34.5228,IDA,69.1761,Afghanistan,South Asia,Afghanistan,2017,7481013.0,9998883.0,489607.0,7883785.0,427223.0,17220190.0,18309891.0,35530081.0,3913297.0,3913297.0
AO,Sub-Saharan Africa (excluding high income),Luanda,AGO,Lower middle income,AO,-8.81155,IBRD,13.242,Angola,Sub-Saharan Africa ,Angola,2017,6995263.0,7343883.0,400849.0,6946042.0,315339.0,15178929.0,14605264.0,29784193.0,7515345.0,7515345.0
AL,Europe & Central Asia (excluding high income),Tirane,ALB,Upper middle income,AL,41.3317,IBRD,19.8172,Albania,Europe & Central Asia,Albania,2017,240119.0,1008642.0,196833.0,259779.0,182088.0,1422948.0,1450509.0,2873457.0,,466651.0
AD,,Andorra la Vella,AND,High income,AD,42.5075,Not classified,1.5218,Andorra,Europe & Central Asia,Andorra,2017,,,,,,,,76965.0,,
1A,,,ARB,Aggregates,1A,,Aggregates,,Arab World,Aggregates,Arab World,2017,67028492.0,135885820.0,9917799.0,70117799.0,8686466.0,199801802.0,214690084.0,414491886.0,,
AE,,Abu Dhabi,ARE,High income,AE,24.4764,Not classified,54.3705,United Arab Emirates,Middle East & North Africa,United Arab Emirates,2017,641760.0,6068132.0,34231.0,664620.0,73292.0,2594101.0,6806044.0,9400145.0,5459439.0,2650883.0
AR,,Buenos Aires,ARG,High income,AR,-34.6118,IBRD,-58.4173,Argentina,Latin America & Caribbean ,Argentina,2017,5413730.0,14065085.0,2958207.0,5603217.0,1999564.0,22603175.0,21667866.0,44271041.0,18995646.0,14879100.0
AM,Europe & Central Asia (excluding high income),Yerevan,ARM,Upper middle income,AM,40.1596,IBRD,44.509,Armenia,Europe & Central Asia,Armenia,2017,273784.0,935174.0,198499.0,312516.0,130651.0,1552108.0,1378342.0,2930450.0,1077299.0,1077299.0
AS,East Asia & Pacific (excluding high income),Pago Pago,ASM,Upper middle income,AS,-14.2846,Not classified,-170.691,American Samoa,East Asia & Pacific,American Samoa,2017,,,,,,,,55641.0,,
AG,,Saint John's,ATG,High income,AG,17.1175,IBRD,-61.8456,Antigua and Barbuda,Latin America & Caribbean ,Antigua and Barbuda,2017,12150.0,33709.0,4036.0,12225.0,3032.0,53046.0,48966.0,102012.0,,
AU,,Canberra,AUS,High income,AU,-35.282,Not classified,149.129,Australia,East Asia & Pacific,Australia,2017,2277242.0,8064397.0,2022840.0,2400150.0,1791418.0,12345895.0,12255965.0,24601860.0,14924257.0,4708150.0
AT,,Vienna,AUT,High income,AT,48.2201,Not classified,16.3798,Austria,Europe & Central Asia,Austria,2017,603037.0,2946272.0,958669.0,636684.0,730592.0,4484019.0,4313547.0,8797566.0,1878456.0,1878456.0
AZ,Europe & Central Asia (excluding high income),Baku,AZE,Upper middle income,AZ,40.3834,IBRD,49.8932,Azerbaijan,Europe & Central Asia,Azerbaijan,2017,1066350.0,3437040.0,348967.0,1227390.0,244048.0,4945555.0,4908478.0,9854033.0,2258971.0,2258971.0
BI,Sub-Saharan Africa (excluding high income),Bujumbura,BDI,Low income,BI,-3.3784,IDA,29.3639,Burundi,Sub-Saharan Africa ,Burundi,2017,2440948.0,2769671.0,148873.0,2447362.0,129506.0,5517706.0,5346539.0,10864245.0,,846627.0
BE,,Brussels,BEL,High income,BE,50.8371,Not classified,4.36761,Belgium,Europe & Central Asia,Belgium,2017,948146.0,3696097.0,1194874.0,997651.0,918992.0,5769653.0,5612740.0,11382393.0,3060889.0,2033713.0
BJ,Sub-Saharan Africa (excluding high income),Porto-Novo,BEN,Low income,BJ,6.4779,IDA,2.6323,Benin,Sub-Saharan Africa ,Benin,2017,2349545.0,3003365.0,210310.0,2418920.0,152271.0,5601136.0,5574556.0,11175692.0,,867158.0
BF,Sub-Saharan Africa (excluding high income),Ouagadougou,BFA,Low income,BF,12.3605,IDA,-1.53395,Burkina Faso,Sub-Saharan Africa ,Burkina Faso,2017,4258522.0,4977097.0,280780.0,4413317.0,181520.0,9621448.0,9571934.0,19193382.0,2415851.0,2415851.0
BD,South Asia,Dhaka,BGD,Lower middle income,BD,23.7055,IDA,90.4113,Bangladesh,South Asia,Bangladesh,2017,22851734.0,54984151.0,4208653.0,23865044.0,4186576.0,81633979.0,83035772.0,164669751.0,23614938.0,18894385.0
BG,Europe & Central Asia (excluding high income),Sofia,BGR,Upper middle income,BG,42.7105,IBRD,23.3238,Bulgaria,Europe & Central Asia,Bulgaria,2017,489465.0,2325716.0,875805.0,517900.0,596087.0,3636244.0,3439703.0,7075947.0,1266840.0,1266840.0
BH,,Manama,BHR,High income,BH,26.1921,Not classified,50.5354,Bahrain,Middle East & North Africa,Bahrain,2017,144413.0,767288.0,16630.0,150200.0,18795.0,556300.0,936284.0,1492584.0,,519958.0
BS,,Nassau,BHS,High income,BS,25.0661,Not classified,-77.339,"Bahamas, The",Latin America & Caribbean ,"Bahamas, The",2017,39433.0,137071.0,20482.0,41432.0,15083.0,201775.0,193586.0,395361.0,,
BA,Europe & Central Asia (excluding high income),Sarajevo,BIH,Upper middle income,BA,43.8607,IBRD,18.4214,Bosnia and Herzegovina,Europe & Central Asia,Bosnia and Herzegovina,2017,240251.0,1226174.0,340821.0,255265.0,240271.0,1785307.0,1721710.0,3507017.0,,342509.0
BY,Europe & Central Asia (excluding high income),Minsk,BLR,Upper middle income,BY,53.9678,IBRD,27.5766,Belarus,Europe & Central Asia,Belarus,2017,772107.0,3144082.0,947910.0,818070.0,457747.0,5078365.0,4419899.0,9498264.0,1984675.0,1984675.0
BZ,Latin America & Caribbean (excluding high income),Belmopan,BLZ,Upper middle income,BZ,17.2534,IBRD,-88.7713,Belize,Latin America & Caribbean ,Belize,2017,58097.0,119752.0,7274.0,59628.0,7167.0,188134.0,186547.0,374681.0,,
BM,,Hamilton,BMU,High income,BM,32.3293,Not classified,-64.706,Bermuda,North America,Bermuda,2017,,,,,,,,65441.0,,
BO,Latin America & Caribbean (excluding high income),La Paz,BOL,Lower middle income,BO,-13.9908,IBRD,-66.1936,Bolivia,Latin America & Caribbean ,Bolivia,2017,1715606.0,3405360.0,394629.0,1781081.0,346252.0,5518906.0,5532694.0,11051600.0,4597591.0,1790827.0
BR,Latin America & Caribbean (excluding high income),Brasilia,BRA,Upper middle income,BR,-15.7801,IBRD,-47.9292,Brazil,Latin America & Caribbean ,Brazil,2017,22273104.0,71954374.0,10239664.0,23241018.0,7659624.0,106433262.0,102855016.0,209288278.0,86613355.0,21391624.0
BB,,Bridgetown,BRB,High income,BB,13.0935,Not classified,-59.6105,Barbados,Latin America & Caribbean ,Barbados,2017,26652.0,90715.0,24451.0,27811.0,18268.0,148925.0,136794.0,285719.0,,
BN,,Bandar Seri Begawan,BRN,High income,BN,4.94199,Not classified,114.946,Brunei Darussalam,East Asia & Pacific,Brunei Darussalam,2017,48079.0,160694.0,10368.0,50623.0,9316.0,208064.0,220633.0,428697.0,,
BT,South Asia,Thimphu,BTN,Lower middle income,BT,27.5768,IDA,89.6177,Bhutan,South Asia,Bhutan,2017,105475.0,298001.0,17763.0,108938.0,21690.0,378981.0,428629.0,807610.0,,
BW,Sub-Saharan Africa (excluding high income),Gaborone,BWA,Upper middle income,BW,-24.6544,IBRD,25.9201,Botswana,Sub-Saharan Africa ,Botswana,2017,356702.0,733169.0,53746.0,363015.0,36580.0,1158897.0,1132764.0,2291661.0,,
CF,Sub-Saharan Africa (excluding high income),Bangui,CAF,Low income,CF,5.63056,IDA,21.6407,Central African Republic,Sub-Saharan Africa ,Central African Republic,2017,1009795.0,1220765.0,95764.0,1002727.0,74527.0,2361061.0,2298019.0,4659080.0,,832920.0
CA,,Ottawa,CAN,High income,CA,45.4215,Not classified,-75.6919,Canada,North America,Canada,2017,2867837.0,12342628.0,3378229.0,3014594.0,2856529.0,18494333.0,18213750.0,36708083.0,16789334.0,6009852.0
B8,,,CEB,Aggregates,B8,,Aggregates,,Central Europe and the Baltics,Aggregates,Central Europe and the Baltics,2017,7464492.0,34502784.0,11147286.0,7874257.0,7224774.0,53133535.0,49601814.0,102735349.0,,
CH,,Bern,CHE,High income,CH,46.948,Not classified,7.44821,Switzerland,Europe & Central Asia,Switzerland,2017,612128.0,2845598.0,861462.0,644912.0,696523.0,4263818.0,4187033.0,8450851.0,1356037.0,1356037.0
JG,,,CHI,High income,JG,,Not classified,,Channel Islands,Europe & Central Asia,Channel Islands,2017,11824.0,56153.0,16155.0,12213.0,13630.0,83319.0,81995.0,165314.0,,
CL,,Santiago,CHL,High income,CL,-33.475,IBRD,-70.6475,Chile,Latin America & Caribbean ,Chile,2017,1799188.0,6221288.0,1148126.0,1868928.0,853541.0,9110968.0,8943758.0,18054726.0,6627552.0,6627552.0
CN,East Asia & Pacific (excluding high income),Beijing,CHN,Upper middle income,CN,40.0495,IBRD,116.286,China,East Asia & Pacific,China,2017,113459119.0,511625426.0,76363223.0,131611243.0,71168634.0,671989697.0,714405303.0,1386395000.0,378089414.0,24862075.0
CI,Sub-Saharan Africa (excluding high income),Yamoussoukro,CIV,Lower middle income,CI,5.332,IDA,-4.0305,Cote d'Ivoire,Sub-Saharan Africa ,Cote d'Ivoire,2017,5135734.0,6744940.0,323567.0,5173207.0,388945.0,11987658.0,12307092.0,24294750.0,4787992.0,4787992.0
CM,Sub-Saharan Africa (excluding high income),Yaounde,CMR,Lower middle income,CM,3.8721,Blend,11.5174,Cameroon,Sub-Saharan Africa ,Cameroon,2017,5094139.0,6507052.0,412956.0,5182838.0,348357.0,12015480.0,12038247.0,24053727.0,6717594.0,3458972.0
CD,Sub-Saharan Africa (excluding high income),Kinshasa,COD,Low income,CD,-4.325,IDA,15.3222,"Congo, Dem. Rep.",Sub-Saharan Africa ,"Congo, Dem. Rep.",2017,18664186.0,20495014.0,1351540.0,18981664.0,1104803.0,40758507.0,40581481.0,81339988.0,19416198.0,12624344.0
CG,Sub-Saharan Africa (excluding high income),Brazzaville,COG,Lower middle income,CG,-4.2767,Blend,15.2662,"Congo, Rep.",Sub-Saharan Africa ,"Congo, Rep.",2017,1104196.0,1429194.0,96419.0,1119842.0,82538.0,2629176.0,2631574.0,5260750.0,3226424.0,2135075.0
CO,Latin America & Caribbean (excluding high income),Bogota,COL,Upper middle income,CO,4.60987,IBRD,-74.082,Colombia,Latin America & Caribbean ,Colombia,2017,5639681.0,16607739.0,2100001.0,5880615.0,1651769.0,24925492.0,24140123.0,49065615.0,21284860.0,10277518.0
KM,Sub-Saharan Africa (excluding high income),Moroni,COM,Low income,KM,-11.6986,IDA,43.2418,Comoros,Sub-Saharan Africa ,Comoros,2017,158950.0,234789.0,13138.0,164771.0,10974.0,403378.0,410534.0,813912.0,,
CV,Sub-Saharan Africa (excluding high income),Praia,CPV,Lower middle income,CV,14.9218,Blend,-23.5087,Cabo Verde,Sub-Saharan Africa ,Cabo Verde,2017,81732.0,179521.0,14934.0,83308.0,9437.0,274122.0,272266.0,546388.0,,
CR,Latin America & Caribbean (excluding high income),San Jose,CRI,Upper middle income,CR,9.63701,IBRD,-84.0089,Costa Rica,Latin America & Caribbean ,Costa Rica,2017,518717.0,1693667.0,247810.0,543246.0,216649.0,2452206.0,2453563.0,4905769.0,1337237.0,1337237.0
S3,,,CSS,Aggregates,S3,,Aggregates,,Caribbean small states,Aggregates,Caribbean small states,2017,821880.0,2408569.0,346512.0,858127.0,284344.0,3603982.0,3551042.0,7284294.0,,
CU,Latin America & Caribbean (excluding high income),Havana,CUB,Upper middle income,CU,23.1333,Not classified,-82.3667,Cuba,Latin America & Caribbean ,Cuba,2017,894397.0,4009863.0,904721.0,947030.0,787872.0,5739871.0,5744765.0,11484636.0,2132206.0,2132206.0
CW,,Willemstad,CUW,High income,CW,,Not classified,,Curacao,Latin America & Caribbean ,Curacao,2017,14642.0,47148.0,15259.0,15294.0,10952.0,86780.0,73395.0,160175.0,,
KY,,George Town,CYM,High income,KY,19.3022,Not classified,-81.3857,Cayman Islands,Latin America & Caribbean ,Cayman Islands,2017,,,,,,,,61559.0,,
CY,,Nicosia,CYP,High income,CY,35.1676,Not classified,33.3736,Cyprus,Europe & Central Asia,Cyprus,2017,96056.0,416098.0,86331.0,102464.0,71920.0,589069.0,590482.0,1179551.0,,
CZ,,Prague,CZE,High income,CZ,50.0878,Not classified,14.4205,Czech Republic,Europe & Central Asia,Czech Republic,2017,792470.0,3528371.0,1172835.0,836323.0,842971.0,5386773.0,5207665.0,10594438.0,1284162.0,1284162.0
DE,,Berlin,DEU,High income,DE,52.5235,Not classified,13.4115,Germany,Europe & Central Asia,Germany,2017,5264627.0,27371370.0,9940313.0,5546508.0,7798447.0,41969502.0,40716325.0,82685827.0,7893815.0,3539234.0
DJ,Middle East & North Africa (excluding high income),Djibouti,DJI,Lower middle income,DJ,11.5806,IDA,43.1425,Djibouti,Middle East & North Africa,Djibouti,2017,146864.0,310978.0,21677.0,150631.0,18640.0,476736.0,480249.0,956985.0,,551358.0
DM,Latin America & Caribbean (excluding high income),Roseau,DMA,Upper middle income,DM,15.2976,Blend,-61.39,Dominica,Latin America & Caribbean ,Dominica,2017,,,,,,,,73925.0,,
DK,,Copenhagen,DNK,High income,DK,55.6763,Not classified,12.5681,Denmark,Europe & Central Asia,Denmark,2017,463011.0,1856545.0,610928.0,487361.0,523456.0,2897618.0,2867362.0,5764980.0,1303974.0,1303974.0
DO,Latin America & Caribbean (excluding high income),Santo Domingo,DOM,Upper middle income,DO,18.479,IBRD,-69.8908,Dominican Republic,Latin America & Caribbean ,Dominican Republic,2017,1548104.0,3400668.0,397400.0,1606478.0,354191.0,5405661.0,5361337.0,10766998.0,3094465.0,3094465.0
DZ,Middle East & North Africa (excluding high income),Algiers,DZA,Upper middle income,DZ,36.7397,IBRD,3.05097,Algeria,Middle East & North Africa,Algeria,2017,5925913.0,13441861.0,1315694.0,6174065.0,1250462.0,20451754.0,20866388.0,41318142.0,2659373.0,2659373.0
4E,,,EAP,Aggregates,4E,,Aggregates,,East Asia & Pacific (excluding high income),Aggregates,East Asia & Pacific (excluding high income),2017,200773888.0,741708756.0,100892285.0,223528839.0,89456164.0,1013481006.0,1054693758.0,2068307600.0,,
V2,,,EAR,Aggregates,V2,,Aggregates,,Early-demographic dividend,Aggregates,Early-demographic dividend,2017,454206625.0,1063953387.0,96788208.0,487089572.0,84438936.0,1577945921.0,1635481902.0,3213427823.0,,
Z4,,,EAS,Aggregates,Z4,,Aggregates,,East Asia & Pacific,Aggregates,East Asia & Pacific,2017,217300355.0,822738191.0,129624042.0,241084094.0,111965990.0,1138369629.0,1175788276.0,2314367614.0,,
7E,,,ECA,Aggregates,7E,,Aggregates,,Europe & Central Asia (excluding high income),Aggregates,Europe & Central Asia (excluding high income),2017,41768761.0,136072089.0,30980030.0,44119399.0,17794524.0,215716223.0,197986011.0,415532934.0,,
Z7,,,ECS,Aggregates,Z7,,Aggregates,,Europe & Central Asia,Aggregates,Europe & Central Asia,2017,79351061.0,298458473.0,86817837.0,83718550.0,60732101.0,470332759.0,442909120.0,915483880.0,,
EC,Latin America & Caribbean (excluding high income),Quito,ECU,Upper middle income,EC,-0.229498,IBRD,-78.5243,Ecuador,Latin America & Caribbean ,Ecuador,2017,2311843.0,5346762.0,634791.0,2415783.0,546276.0,8316037.0,8308821.0,16624858.0,4636865.0,2844281.0
EG,Middle East & North Africa (excluding high income),Cairo,EGY,Lower middle income,EG,30.0982,IBRD,31.2461,"Egypt, Arab Rep.",Middle East & North Africa,"Egypt, Arab Rep.",2017,15832982.0,30291744.0,2818869.0,16819327.0,2213921.0,48228159.0,49324992.0,97553151.0,24633602.0,19648312.0
XC,,,EMU,Aggregates,XC,,Aggregates,,Euro area,Aggregates,Euro area,2017,24962542.0,110602719.0,39502665.0,26328071.0,30455087.0,174057506.0,167385876.0,341443382.0,,
ER,Sub-Saharan Africa (excluding high income),Asmara,ERI,Low income,ER,15.3315,IDA,38.9183,Eritrea,Sub-Saharan Africa ,Eritrea,2017,,,,,,,,,,
ES,,Madrid,ESP,High income,ES,40.4167,Not classified,-3.70327,Spain,Europe & Central Asia,Spain,2017,3321673.0,15427299.0,5158796.0,3521412.0,3898164.0,23746296.0,22846875.0,46593171.0,11824650.0,6403902.0
EE,,Tallinn,EST,High income,EE,59.4392,Not classified,24.7586,Estonia,Europe & Central Asia,Estonia,2017,104864.0,418878.0,168636.0,110763.0,87613.0,700130.0,617254.0,1317384.0,,429990.0
ET,Sub-Saharan Africa (excluding high income),Addis Ababa,ETH,Low income,ET,9.02274,IDA,38.7468,Ethiopia,Sub-Saharan Africa ,Ethiopia,2017,21020178.0,29150926.0,1989817.0,21544072.0,1711028.0,52551412.0,52406026.0,104957438.0,4215965.0,4215965.0
EU,,,EUU,Aggregates,EU,,Aggregates,,European Union,Aggregates,European Union,2017,38443855.0,166634840.0,57475275.0,40513740.0,43833784.0,261448681.0,250982363.0,512431044.0,,
F1,,,FCS,Aggregates,F1,,Aggregates,,Fragile and conflict affected situations,Aggregates,Fragile and conflict affected situations,2017,102117859.0,141709661.0,9677573.0,104873030.0,8027140.0,254831774.0,254609830.0,511336623.0,,
FI,,Helsinki,FIN,High income,FI,60.1608,Not classified,24.9525,Finland,Europe & Central Asia,Finland,2017,441521.0,1740171.0,657319.0,462182.0,512011.0,2793850.0,2714364.0,5508214.0,1259875.0,1259875.0
FJ,East Asia & Pacific (excluding high income),Suva,FJI,Upper middle income,FJ,-18.1149,IBRD,178.399,Fiji,East Asia & Pacific,Fiji,2017,124974.0,301332.0,30838.0,132819.0,25518.0,445833.0,459669.0,905502.0,,
FR,,Paris,FRA,High income,FR,48.8566,Not classified,2.35097,France,Europe & Central Asia,France,2017,5919545.0,20968252.0,7421848.0,6215548.0,5810180.0,34111533.0,32993980.0,67105513.0,15165467.0,10844847.0
FO,,Torshavn,FRO,High income,FO,61.8926,Not classified,-6.91181,Faroe Islands,Europe & Central Asia,Faroe Islands,2017,,,,,,,,49290.0,,
FM,East Asia & Pacific (excluding high income),Palikir,FSM,Lower middle income,FM,6.91771,IDA,158.185,"Micronesia, Fed. Sts.",East Asia & Pacific,"Micronesia, Fed. Sts.",2017,16865.0,33654.0,2721.0,18087.0,2355.0,51448.0,54096.0,105544.0,,
GA,Sub-Saharan Africa (excluding high income),Libreville,GAB,Upper middle income,GA,0.38832,IBRD,9.45162,Gabon,Sub-Saharan Africa ,Gabon,2017,359992.0,631888.0,48851.0,367071.0,41267.0,984910.0,1040227.0,2025137.0,,790784.0
GB,,London,GBR,High income,GB,51.5002,Not classified,-0.126236,United Kingdom,Europe & Central Asia,United Kingdom,2017,5709058.0,21010906.0,6644415.0,5984434.0,5581366.0,33446584.0,32576706.0,66023290.0,17646094.0,8916251.0
GE,Europe & Central Asia (excluding high income),Tbilisi,GEO,Lower middle income,GE,41.71,IBRD,44.793,Georgia,Europe & Central Asia,Georgia,2017,340730.0,1196313.0,344878.0,374422.0,209206.0,1948063.0,1779941.0,3728004.0,1077597.0,1077597.0
GH,Sub-Saharan Africa (excluding high income),Accra,GHA,Lower middle income,GH,5.57045,IDA,-0.20795,Ghana,Sub-Saharan Africa ,Ghana,2017,5433671.0,8249598.0,531464.0,5673722.0,444385.0,14465924.0,14367705.0,28833629.0,5295610.0,2907222.0
GI,,,GIB,High income,GI,,Not classified,,Gibraltar,Europe & Central Asia,Gibraltar,2017,,,,,,,,34571.0,,
GN,Sub-Saharan Africa (excluding high income),Conakry,GIN,Low income,GN,9.51667,IDA,-13.7,Guinea,Sub-Saharan Africa ,Guinea,2017,2668748.0,3485237.0,212944.0,2705373.0,185722.0,6340844.0,6376332.0,12717176.0,1798985.0,1798985.0
GM,Sub-Saharan Africa (excluding high income),Banjul,GMB,Low income,GM,13.4495,IDA,-16.5885,"Gambia, The",Sub-Saharan Africa ,"Gambia, The",2017,471770.0,534009.0,23806.0,480394.0,25335.0,1060830.0,1039738.0,2100568.0,,431446.0
GW,Sub-Saharan Africa (excluding high income),Bissau,GNB,Low income,GW,11.8037,IDA,-15.1804,Guinea-Bissau,Sub-Saharan Africa ,Guinea-Bissau,2017,385445.0,504700.0,31692.0,386920.0,24180.0,945483.0,915800.0,1861283.0,,537014.0
GQ,Sub-Saharan Africa (excluding high income),Malabo,GNQ,Upper middle income,GQ,3.7523,IBRD,8.7741,Equatorial Guinea,Sub-Saharan Africa ,Equatorial Guinea,2017,232832.0,445467.0,18439.0,238655.0,17633.0,565934.0,701755.0,1267689.0,,353480.0
GR,,Athens,GRC,High income,GR,37.9792,Not classified,23.7166,Greece,Europe & Central Asia,Greece,2017,741770.0,3538452.0,1225677.0,786787.0,967666.0,5460627.0,5292904.0,10753531.0,3157451.0,3157451.0
GD,Latin America & Caribbean (excluding high income),Saint George's,GRD,Upper middle income,GD,12.0653,Blend,-61.7449,Grenada,Latin America & Caribbean ,Grenada,2017,13842.0,36287.0,4574.0,14560.0,3300.0,53677.0,54148.0,107825.0,,
GL,,Nuuk,GRL,High income,GL,64.1836,Not classified,-51.7214,Greenland,Europe & Central Asia,Greenland,2017,,,,,,,,56171.0,,
GT,Latin America & Caribbean (excluding high income),Guatemala City,GTM,Upper middle income,GT,14.6248,IBRD,-90.5328,Guatemala,Latin America & Caribbean ,Guatemala,2017,2900187.0,4941414.0,439168.0,3028168.0,354743.0,8589178.0,8324325.0,16913503.0,2813016.0,2813016.0
GU,,Agana,GUM,High income,GU,13.4443,Not classified,144.794,Guam,East Asia & Pacific,Guam,2017,19759.0,55137.0,8521.0,20854.0,7167.0,81071.0,83158.0,164229.0,,
GY,Latin America & Caribbean (excluding high income),Georgetown,GUY,Upper middle income,GY,6.80461,IDA,-58.1548,Guyana,Latin America & Caribbean ,Guyana,2017,109863.0,258086.0,22374.0,115701.0,18890.0,385182.0,392677.0,777859.0,,
XD,,,HIC,Aggregates,XD,,Aggregates,,High income,Aggregates,High income,2017,102883853.0,417360305.0,122065160.0,108055495.0,95470570.0,626742731.0,620886373.0,1248439499.0,,
HK,,,HKG,High income,HK,22.3964,Not classified,114.109,"Hong Kong SAR, China",East Asia & Pacific,"Hong Kong SAR, China",2017,411005.0,2397946.0,642136.0,438213.0,562938.0,3992603.0,3399097.0,7391700.0,7364883.0,7364883.0
HN,Latin America & Caribbean (excluding high income),Tegucigalpa,HND,Lower middle income,HN,15.1333,IDA,-87.4667,Honduras,Latin America & Caribbean ,Honduras,2017,1438292.0,2931474.0,236455.0,1493556.0,194554.0,4645483.0,4619584.0,9265067.0,1318213.0,1318213.0
XE,,,HPC,Aggregates,XE,,Aggregates,,Heavily indebted poor countries (HIPC),Aggregates,Heavily indebted poor countries (HIPC),2017,162778261.0,204296097.0,13079760.0,166469731.0,10830634.0,383515817.0,381596463.0,765112280.0,,
HR,,Zagreb,HRV,High income,HR,45.8069,IBRD,15.9614,Croatia,Europe & Central Asia,Croatia,2017,294408.0,1352283.0,489070.0,311426.0,324468.0,2136354.0,1988177.0,4124531.0,,685942.0
HT,Latin America & Caribbean (excluding high income),Port-au-Prince,HTI,Low income,HT,18.5392,IDA,-72.3288,Haiti,Latin America & Caribbean ,Haiti,2017,1779845.0,3355544.0,293554.0,1840950.0,233524.0,5551211.0,5430018.0,10981229.0,2568981.0,2568981.0
HU,,Budapest,HUN,High income,HU,47.4984,Not classified,19.0408,Hungary,Europe & Central Asia,Hungary,2017,681394.0,3252393.0,1134564.0,719946.0,683772.0,5131855.0,4656111.0,9787966.0,1754955.0,1754955.0
XF,,,IBD,Aggregates,XF,,Aggregates,,IBRD only,Aggregates,IBRD only,2017,539264166.0,1638506438.0,212749777.0,589456966.0,176562913.0,2338635298.0,2404526321.0,4743251569.0,,
ZT,,,IBT,Aggregates,ZT,,Aggregates,,IDA & IBRD total,Aggregates,IDA & IBRD total,2017,847384337.0,2098566210.0,243947631.0,908418916.0,203855466.0,3140288892.0,3210840598.0,6353188384.0,,
XG,,,IDA,Aggregates,XG,,Aggregates,,IDA total,Aggregates,IDA total,2017,308120171.0,460059772.0,31197854.0,318961950.0,27292553.0,801653594.0,806314277.0,1609936815.0,,
XH,,,IDB,Aggregates,XH,,Aggregates,,IDA blend,Aggregates,IDA blend,2017,100517249.0,155088416.0,9984919.0,105717247.0,9238795.0,262904521.0,270044458.0,533022904.0,,
ID,East Asia & Pacific (excluding high income),Jakarta,IDN,Lower middle income,ID,-6.19752,IBRD,106.83,Indonesia,East Asia & Pacific,Indonesia,2017,35288499.0,89648739.0,7723237.0,36929788.0,6319870.0,131092982.0,132898397.0,263991379.0,35135475.0,10401144.0
XI,,,IDX,Aggregates,XI,,Aggregates,,IDA only,Aggregates,IDA only,2017,207602922.0,304971356.0,21212935.0,213244703.0,18053758.0,538749073.0,536269819.0,1076913911.0,,
IM,,Douglas,IMN,High income,IM,54.1509,Not classified,-4.47928,Isle of Man,Europe & Central Asia,Isle of Man,2017,,,,,,,,84287.0,,
IN,South Asia,New Delhi,IND,Lower middle income,IN,28.6353,IBRD,77.225,India,South Asia,India,2017,175998940.0,459614962.0,41921158.0,196062049.0,38281750.0,645221366.0,693958761.0,1339180127.0,203204785.0,27602257.0
XY,,,INX,Aggregates,XY,,Aggregates,,Not classified,Aggregates,Not classified,2017,,,,,,,,,,
IE,,Dublin,IRL,High income,IE,53.3441,Not classified,-6.26749,Ireland,Europe & Central Asia,Ireland,2017,507072.0,1540488.0,358380.0,533968.0,311744.0,2425120.0,2386201.0,4811321.0,1188418.0,1188418.0
IR,Middle East & North Africa (excluding high income),Tehran,IRN,Upper middle income,IR,35.6878,IBRD,51.4447,"Iran, Islamic Rep.",Middle East & North Africa,"Iran, Islamic Rep.",2017,9429935.0,28750535.0,2145622.0,9796382.0,2269268.0,40346603.0,40816185.0,81162788.0,20974219.0,8780950.0
IQ,Middle East & North Africa (excluding high income),Baghdad,IRQ,Upper middle income,IQ,33.3302,IBRD,44.394,Iraq,Middle East & North Africa,Iraq,2017,7511569.0,10876229.0,670649.0,7950910.0,548642.0,18898837.0,19375781.0,38274618.0,9407171.0,6654984.0
IS,,Reykjavik,ISL,High income,IS,64.1353,Not classified,-21.8952,Iceland,Europe & Central Asia,Iceland,2017,33792.0,113561.0,26017.0,35201.0,23538.0,171100.0,172300.0,343400.0,,
IL,,,ISR,High income,IL,31.7717,Not classified,35.2035,Israel,Middle East & North Africa,Israel,2017,1181077.0,2627309.0,568433.0,1246642.0,453932.0,4385417.0,4327883.0,8713300.0,5029104.0,3905583.0
IT,,Rome,ITA,High income,IT,41.8955,Not classified,12.4823,Italy,Europe & Central Asia,Italy,2017,3972709.0,19227763.0,7871887.0,4210310.0,6064583.0,31034053.0,29502656.0,60536709.0,11279511.0,4177286.0
JM,Latin America & Caribbean (excluding high income),Kingston,JAM,Upper middle income,JM,17.9927,IBRD,-76.792,Jamaica,Latin America & Caribbean ,Jamaica,2017,320937.0,971096.0,148785.0,335945.0,131107.0,1452151.0,1438148.0,2890299.0,,588487.0
JO,Middle East & North Africa (excluding high income),Amman,JOR,Upper middle income,JO,31.9497,IBRD,35.9263,Jordan,Middle East & North Africa,Jordan,2017,1695048.0,2989198.0,195419.0,1749741.0,174266.0,4789148.0,4913205.0,9702353.0,1966088.0,1966088.0
JP,,Tokyo,JPN,High income,JP,35.67,Not classified,139.77,Japan,East Asia & Pacific,Japan,2017,7950363.0,38650990.0,19418628.0,8388108.0,14875994.0,64870705.0,61915092.0,126785797.0,81604072.0,37397437.0
KZ,Europe & Central Asia (excluding high income),Astana,KAZ,Upper middle income,KZ,51.1879,IBRD,71.4382,Kazakhstan,Europe & Central Asia,Kazakhstan,2017,2449083.0,5700825.0,814220.0,2588576.0,446796.0,9301579.0,8736197.0,18037776.0,2779349.0,1772779.0
KE,Sub-Saharan Africa (excluding high income),Nairobi,KEN,Lower middle income,KE,-1.27975,Blend,36.8126,Kenya,Sub-Saharan Africa ,Kenya,2017,9967462.0,13961309.0,740018.0,10144281.0,595131.0,24999141.0,24700721.0,49699862.0,5398177.0,4222389.0
KG,Europe & Central Asia (excluding high income),Bishkek,KGZ,Lower middle income,KG,42.8851,IDA,74.6057,Kyrgyz Republic,Europe & Central Asia,Kyrgyz Republic,2017,963408.0,1954132.0,169283.0,1010368.0,108922.0,3124778.0,3073422.0,6198200.0,,975889.0
KH,East Asia & Pacific (excluding high income),Phnom Penh,KHM,Lower middle income,KH,11.5556,IDA,104.874,Cambodia,East Asia & Pacific,Cambodia,2017,2456705.0,4977460.0,423650.0,2549608.0,282512.0,8195793.0,7809580.0,16005373.0,1892615.0,1892615.0
KI,East Asia & Pacific (excluding high income),Tarawa,KIR,Lower middle income,KI,1.32905,IDA,172.979,Kiribati,East Asia & Pacific,Kiribati,2017,19930.0,34750.0,2687.0,20798.0,1846.0,59004.0,57394.0,116398.0,,
KN,,Basseterre,KNA,High income,KN,17.3,IBRD,-62.7309,St. Kitts and Nevis,Latin America & Caribbean ,St. Kitts and Nevis,2017,,,,,,,,55345.0,,
KR,,Seoul,KOR,High income,KR,37.5323,Not classified,126.957,"Korea, Rep.",East Asia & Pacific,"Korea, Rep.",2017,3340339.0,19097096.0,4099600.0,3593873.0,3061571.0,25713661.0,25752540.0,51466201.0,25760173.0,9941235.0
KW,,Kuwait City,KWT,High income,KW,29.3721,Not classified,47.9824,Kuwait,Middle East & North Africa,Kuwait,2017,422470.0,1867445.0,39178.0,449974.0,57834.0,1761275.0,2375253.0,4136528.0,2841715.0,2841715.0
XJ,,,LAC,Aggregates,XJ,,Aggregates,,Latin America & Caribbean (excluding high income),Aggregates,Latin America & Caribbean (excluding high income),2017,69802575.0,189029082.0,24042801.0,72863413.0,19172466.0,286997952.0,281064965.0,568136842.0,,
LA,East Asia & Pacific (excluding high income),Vientiane,LAO,Lower middle income,LA,18.5826,IDA,102.177,Lao PDR,East Asia & Pacific,Lao PDR,2017,1104786.0,2149305.0,155219.0,1150508.0,121117.0,3437230.0,3420930.0,6858160.0,,657108.0
LB,Middle East & North Africa (excluding high income),Beirut,LBN,Upper middle income,LB,33.8872,IBRD,35.5134,Lebanon,Middle East & North Africa,Lebanon,2017,700650.0,2093285.0,263866.0,703717.0,254010.0,3031345.0,3051012.0,6082357.0,2331897.0,2331897.0
LR,Sub-Saharan Africa (excluding high income),Monrovia,LBR,Low income,LR,6.30039,IDA,-10.7957,Liberia,Sub-Saharan Africa ,Liberia,2017,967972.0,1310300.0,78076.0,1010481.0,66578.0,2344547.0,2387359.0,4731906.0,1366976.0,1366976.0
LY,Middle East & North Africa (excluding high income),Tripoli,LBY,Upper middle income,LY,32.8578,IBRD,13.1072,Libya,Middle East & North Africa,Libya,2017,875496.0,2164599.0,152722.0,919538.0,129289.0,3161190.0,3213426.0,6374616.0,1149730.0,1149730.0
LC,Latin America & Caribbean (excluding high income),Castries,LCA,Upper middle income,LC,14.0,Blend,-60.9832,St. Lucia,Latin America & Caribbean ,St. Lucia,2017,16699.0,62688.0,9598.0,17075.0,7788.0,91293.0,87551.0,178844.0,,
ZJ,,,LCN,Aggregates,ZJ,,Aggregates,,Latin America & Caribbean,Aggregates,Latin America & Caribbean,2017,78460514.0,213670181.0,29086311.0,81850361.0,22706285.0,325567112.0,318226834.0,644124651.0,,
XL,,,LDC,Aggregates,XL,,Aggregates,,Least developed countries: UN classification,Aggregates,Least developed countries: UN classification,2017,196008666.0,282056663.0,19544816.0,200917801.0,16563638.0,502936661.0,499538104.0,1002485957.0,,
XM,,,LIC,Aggregates,XM,,Aggregates,,Low income,Aggregates,Low income,2017,152280521.0,197738709.0,13811388.0,156001252.0,10861461.0,367847134.0,364601424.0,732448558.0,,
LI,,Vaduz,LIE,High income,LI,47.1411,Not classified,9.52148,Liechtenstein,Europe & Central Asia,Liechtenstein,2017,,,,,,,,37922.0,,
LK,South Asia,Colombo,LKA,Lower middle income,LK,6.92148,IBRD,79.8528,Sri Lanka,South Asia,Sri Lanka,2017,2552570.0,6773540.0,1223011.0,2596570.0,936198.0,11137692.0,10306308.0,21444000.0,,593517.0
XN,,,LMC,Aggregates,XN,,Aggregates,,Lower middle income,Aggregates,Lower middle income,2017,435082099.0,969277269.0,87929308.0,467601963.0,74951674.0,1458988227.0,1511830906.0,2972649833.0,,
XO,,,LMY,Aggregates,XO,,Aggregates,,Low & middle income,Aggregates,Low & middle income,2017,840441352.0,2075303332.0,237458817.0,901215911.0,199476512.0,3103246668.0,3175995759.0,6281279888.0,,
LS,Sub-Saharan Africa (excluding high income),Maseru,LSO,Lower middle income,LS,-29.5208,IDA,27.7167,Lesotho,Sub-Saharan Africa ,Lesotho,2017,392983.0,646686.0,60415.0,397414.0,40220.0,1149019.0,1084320.0,2233339.0,,
V3,,,LTE,Aggregates,V3,,Aggregates,,Late-demographic dividend,Aggregates,Late-demographic dividend,2017,203836074.0,819171454.0,130216689.0,226958240.0,106921666.0,1125161640.0,1153051361.0,2278213001.0,,
LT,,Vilnius,LTU,High income,LT,54.6896,Not classified,25.2799,Lithuania,Europe & Central Asia,Lithuania,2017,204555.0,907419.0,356491.0,214704.0,180977.0,1525303.0,1303100.0,2828403.0,,534453.0
LU,,Luxembourg,LUX,High income,LU,49.61,Not classified,6.1296,Luxembourg,Europe & Central Asia,Luxembourg,2017,47735.0,211054.0,47020.0,50323.0,38323.0,296637.0,299699.0,596336.0,,
LV,,Riga,LVA,High income,LV,56.9465,Not classified,24.1048,Latvia,Europe & Central Asia,Latvia,2017,145797.0,612473.0,257567.0,153419.0,126117.0,1050240.0,892008.0,1942248.0,,639982.0
MO,,,MAC,High income,MO,22.1667,Not classified,113.55,"Macao SAR, China",East Asia & Pacific,"Macao SAR, China",2017,40050.0,227310.0,32013.0,42522.0,28991.0,323744.0,298823.0,622567.0,,622567.0
MF,,Marigot,MAF,High income,MF,,Not classified,,St. Martin (French part),Latin America & Caribbean ,St. Martin (French part),2017,,,,,,,,32125.0,,
MA,Middle East & North Africa (excluding high income),Rabat,MAR,Lower middle income,MA,33.9905,IBRD,-6.8704,Morocco,Middle East & North Africa,Morocco,2017,4769882.0,11554786.0,1293221.0,5020237.0,1126021.0,18038537.0,17701043.0,35739580.0,7722492.0,3653152.0
MC,,Monaco,MCO,High income,MC,43.7325,Not classified,7.41891,Monaco,Europe & Central Asia,Monaco,2017,,,,,,,,38695.0,,
MD,Europe & Central Asia (excluding high income),Chisinau,MDA,Lower middle income,MD,47.0167,Blend,28.8497,Moldova,Europe & Central Asia,Moldova,2017,270624.0,1270779.0,241422.0,288014.0,144149.0,1846255.0,1702941.0,3549196.0,,515129.0
MG,Sub-Saharan Africa (excluding high income),Antananarivo,MDG,Low income,MG,-20.4667,IDA,45.7167,Madagascar,Sub-Saharan Africa ,Madagascar,2017,5192640.0,7125524.0,406232.0,5283661.0,342868.0,12818842.0,12752053.0,25570895.0,2903952.0,2903952.0
MV,South Asia,Male,MDV,Upper middle income,MV,4.1742,IDA,73.5109,Maldives,South Asia,Maldives,2017,49503.0,186207.0,8697.0,52619.0,9274.0,188230.0,248100.0,436330.0,,
ZQ,,,MEA,Aggregates,ZQ,,Aggregates,,Middle East & North Africa,Aggregates,Middle East & North Africa,2017,65103148.0,151029886.0,11612609.0,68284120.0,10516167.0,214495850.0,229830174.0,444326024.0,,
MX,Latin America & Caribbean (excluding high income),Mexico City,MEX,Upper middle income,MX,19.427,IBRD,-99.1276,Mexico,Latin America & Caribbean ,Mexico,2017,16832806.0,42623165.0,4780278.0,17611826.0,4076954.0,64851331.0,64311945.0,129163276.0,50750263.0,21500251.0
MH,East Asia & Pacific (excluding high income),Majuro,MHL,Upper middle income,MH,7.11046,IDA,171.135,Marshall Islands,East Asia & Pacific,Marshall Islands,2017,,,,,,,,53127.0,,
XP,,,MIC,Aggregates,XP,,Aggregates,,Middle income,Aggregates,Middle income,2017,688160831.0,1877564623.0,223647429.0,745214659.0,188615051.0,2735399534.0,2811394335.0,5548831330.0,,
MK,Europe & Central Asia (excluding high income),Skopje,MKD,Upper middle income,MK,42.0024,IBRD,21.4361,North Macedonia,Europe & Central Asia,North Macedonia,2017,169242.0,740263.0,153495.0,178443.0,122723.0,1041731.0,1041429.0,2083160.0,,575931.0
ML,Sub-Saharan Africa (excluding high income),Bamako,MLI,Low income,ML,13.5667,IDA,-7.50034,Mali,Sub-Saharan Africa ,Mali,2017,4348776.0,4576695.0,261484.0,4496816.0,205553.0,9262916.0,9279064.0,18541980.0,2368347.0,2368347.0
MT,,Valletta,MLT,High income,MT,35.9042,Not classified,14.5189,Malta,Middle East & North Africa,Malta,2017,32608.0,158711.0,49487.0,34916.0,41415.0,232956.0,235043.0,467999.0,,
MM,East Asia & Pacific (excluding high income),Naypyidaw,MMR,Lower middle income,MM,21.914,IDA,95.9562,Myanmar,East Asia & Pacific,Myanmar,2017,7115474.0,17548495.0,1744432.0,7204475.0,1314555.0,27303084.0,26067525.0,53370609.0,6390977.0,5053341.0
XQ,,,MNA,Aggregates,XQ,,Aggregates,,Middle East & North Africa (excluding high income),Aggregates,Middle East & North Africa (excluding high income),2017,57926333.0,121279610.0,10337326.0,60828730.0,9209368.0,188584075.0,191317707.0,379901782.0,,
ME,Europe & Central Asia (excluding high income),Podgorica,MNE,Upper middle income,ME,42.4602,IBRD,19.2595,Montenegro,Europe & Central Asia,Montenegro,2017,54314.0,209499.0,52762.0,58445.0,39116.0,315313.0,307060.0,622373.0,,
MN,East Asia & Pacific (excluding high income),Ulaanbaatar,MNG,Lower middle income,MN,47.9129,Blend,106.937,Mongolia,East Asia & Pacific,Mongolia,2017,450744.0,1007972.0,72228.0,461727.0,51747.0,1554201.0,1521446.0,3075647.0,1466589.0,1466589.0
MP,,Saipan,MNP,High income,MP,15.1935,Not classified,145.765,Northern Mariana Islands,East Asia & Pacific,Northern Mariana Islands,2017,,,,,,,,55144.0,,
MZ,Sub-Saharan Africa (excluding high income),Maputo,MOZ,Low income,MZ,-25.9664,IDA,32.5713,Mozambique,Sub-Saharan Africa ,Mozambique,2017,6611532.0,7418419.0,542294.0,6677167.0,394748.0,15178500.0,14490334.0,29668834.0,2705370.0,1604256.0
MR,Sub-Saharan Africa (excluding high income),Nouakchott,MRT,Lower middle income,MR,18.2367,IDA,-15.9824,Mauritania,Sub-Saharan Africa ,Mauritania,2017,867921.0,1271009.0,78921.0,896960.0,59795.0,2192420.0,2227764.0,4420184.0,1154050.0,1154050.0
MU,Sub-Saharan Africa (excluding high income),Port Louis,MUS,Upper middle income,MU,-20.1605,IBRD,57.4977,Mauritius,Sub-Saharan Africa ,Mauritius,2017,113971.0,447442.0,78898.0,118560.0,59517.0,639094.0,625519.0,1264613.0,,
MW,Sub-Saharan Africa (excluding high income),Lilongwe,MWI,Low income,MW,-13.9899,IDA,33.7703,Malawi,Sub-Saharan Africa ,Malawi,2017,4062165.0,4862290.0,321485.0,4129563.0,233300.0,9396951.0,9225153.0,18622104.0,986455.0,986455.0
MY,East Asia & Pacific (excluding high income),Kuala Lumpur,MYS,Upper middle income,MY,3.12433,IBRD,101.684,Malaysia,East Asia & Pacific,Malaysia,2017,3730508.0,11404045.0,1027006.0,3958493.0,962935.0,15298791.0,16325473.0,31624264.0,7318545.0,7318545.0
XU,,,NAC,Aggregates,XU,,Aggregates,,North America,Aggregates,North America,2017,32929787.0,119520166.0,31172066.0,34447984.0,25179031.0,182708024.0,179147180.0,361920645.0,,
NA,Sub-Saharan Africa (excluding high income),Windhoek,NAM,Upper middle income,NA,-22.5648,IBRD,17.0931,Namibia,Sub-Saharan Africa ,Namibia,2017,463061.0,730194.0,54257.0,466724.0,35752.0,1301124.0,1232670.0,2533794.0,,391736.0
NC,,Noum'ea,NCL,High income,NC,-22.2677,Not classified,166.464,New Caledonia,East Asia & Pacific,New Caledonia,2017,30777.0,95742.0,14750.0,32377.0,13171.0,139170.0,141290.0,280460.0,,
NE,Sub-Saharan Africa (excluding high income),Niamey,NER,Low income,NE,13.514,IDA,2.1073,Niger,Sub-Saharan Africa ,Niger,2017,5279641.0,5012353.0,292571.0,5501633.0,255793.0,10707569.0,10769779.0,21477348.0,1177828.0,1177828.0
NG,Sub-Saharan Africa (excluding high income),Abuja,NGA,Lower middle income,NG,9.05804,Blend,7.48906,Nigeria,Sub-Saharan Africa ,Nigeria,2017,41035388.0,51297817.0,2757975.0,42938663.0,2492754.0,94157077.0,96729234.0,190886311.0,31259002.0,13042316.0
NI,Latin America & Caribbean (excluding high income),Managua,NIC,Lower middle income,NI,12.1475,IDA,-86.2734,Nicaragua,Latin America & Caribbean ,Nicaragua,2017,878008.0,1990232.0,190557.0,927143.0,147991.0,3152215.0,3065366.0,6217581.0,1040748.0,1040748.0
NL,,Amsterdam,NLD,High income,NL,52.3738,Not classified,4.89095,Netherlands,Europe & Central Asia,Netherlands,2017,1368034.0,5602781.0,1739941.0,1443798.0,1477135.0,8607582.0,8523714.0,17131296.0,2130233.0,1123080.0
NO,,Oslo,NOR,High income,NO,59.9138,Not classified,10.7387,Norway,Europe & Central Asia,Norway,2017,457279.0,1772340.0,478217.0,480643.0,409440.0,2614545.0,2662423.0,5276968.0,997451.0,997451.0
NP,South Asia,Kathmandu,NPL,Low income,NP,27.6939,IDA,85.3157,Nepal,South Asia,Nepal,2017,4404346.0,8795904.0,921290.0,4648468.0,781235.0,15079390.0,14225608.0,29304998.0,1277463.0,1277463.0
NR,East Asia & Pacific (excluding high income),Yaren District,NRU,Upper middle income,NR,-0.5477,IBRD,166.920867,Nauru,East Asia & Pacific,Nauru,2017,,,,,,,,12876.0,,
NZ,,Wellington,NZL,High income,NZ,-41.2865,Not classified,174.776,New Zealand,East Asia & Pacific,New Zealand,2017,461335.0,1529018.0,392412.0,486224.0,342095.0,2436563.0,2357337.0,4793900.0,1525666.0,1525666.0
OE,,,OED,Aggregates,OE,,Aggregates,,OECD members,Aggregates,OECD members,2017,113804952.0,425571743.0,122639666.0,119515701.0,95953848.0,659208243.0,641041290.0,1300249533.0,,
OM,,Muscat,OMN,High income,OM,23.6105,Not classified,58.5874,Oman,Middle East & North Africa,Oman,2017,496596.0,2486938.0,56169.0,512960.0,52804.0,1583560.0,3052702.0,4636262.0,1377500.0,1377500.0
S4,,,OSS,Aggregates,S4,,Aggregates,,Other small states,Aggregates,Other small states,2017,4596834.0,10725231.0,926468.0,4706855.0,710287.0,14451867.0,16142376.0,30627643.0,,
PK,South Asia,Islamabad,PAK,Lower middle income,PK,30.5167,Blend,72.8,Pakistan,South Asia,Pakistan,2017,32968751.0,61119760.0,4325735.0,35549576.0,4530017.0,95816602.0,101199353.0,197015955.0,41324998.0,15020931.0
PA,,Panama City,PAN,High income,PA,8.99427,IBRD,-79.5188,Panama,Latin America & Caribbean ,Panama,2017,549703.0,1329490.0,173098.0,572819.0,151432.0,2044846.0,2053741.0,4098587.0,1745913.0,1745913.0
PE,Latin America & Caribbean (excluding high income),Lima,PER,Upper middle income,PE,-12.0931,IBRD,-77.0465,Peru,Latin America & Caribbean ,Peru,2017,4313473.0,10526404.0,1256674.0,4495116.0,1043586.0,16100379.0,16065106.0,32165485.0,10194477.0,10194477.0
PH,East Asia & Pacific (excluding high income),Manila,PHL,Lower middle income,PH,14.5515,IBRD,121.035,Philippines,East Asia & Pacific,Philippines,2017,16188857.0,33551649.0,2876390.0,17086567.0,2162602.0,52117272.0,52800818.0,104918090.0,14977445.0,13271721.0
PW,,Koror,PLW,High income,PW,7.34194,IBRD,134.479,Palau,East Asia & Pacific,Palau,2017,,,,,,,,21729.0,,
PG,East Asia & Pacific (excluding high income),Port Moresby,PNG,Lower middle income,PG,-9.47357,Blend,147.194,Papua New Guinea,East Asia & Pacific,Papua New Guinea,2017,1433805.0,2530691.0,178799.0,1531363.0,135424.0,4053684.0,4197478.0,8251162.0,,359441.0
PL,,Warsaw,POL,High income,PL,52.26,IBRD,21.02,Poland,Europe & Central Asia,Poland,2017,2738691.0,12957147.0,3871827.0,2888240.0,2493833.0,19635606.0,18339220.0,37974826.0,1758551.0,1758551.0
V1,,,PRE,Aggregates,V1,,Aggregates,,Pre-demographic dividend,Aggregates,Pre-demographic dividend,2017,196514294.0,239235800.0,14053232.0,201761423.0,11768959.0,451633659.0,452766182.0,904399841.0,,
PR,,San Juan,PRI,High income,PR,18.23,Not classified,-66.0,Puerto Rico,Latin America & Caribbean ,Puerto Rico,2017,287104.0,1078553.0,293898.0,309284.0,210455.0,1726709.0,1598292.0,3325001.0,2457302.0,2457302.0
KP,East Asia & Pacific (excluding high income),Pyongyang,PRK,Low income,KP,39.0319,Not classified,125.754,"Korea, Dem. People’s Rep.",East Asia & Pacific,"Korea, Dem. People’s Rep.",2017,2569653.0,8930209.0,1567462.0,2685865.0,851823.0,13023068.0,12467897.0,25490965.0,3015132.0,3015132.0
PT,,Lisbon,PRT,High income,PT,38.7072,Not classified,-9.13552,Portugal,Europe & Central Asia,Portugal,2017,684450.0,3222718.0,1282965.0,719840.0,932108.0,5425633.0,4874667.0,10300300.0,4216806.0,2912590.0
PY,Latin America & Caribbean (excluding high income),Asuncion,PRY,Upper middle income,PY,-25.3005,IBRD,-57.6362,Paraguay,Latin America & Caribbean ,Paraguay,2017,981931.0,2225959.0,225988.0,1020516.0,208451.0,3356371.0,3454926.0,6811297.0,3134940.0,3134940.0
PS,Middle East & North Africa (excluding high income),,PSE,Lower middle income,PS,,Not classified,,West Bank and Gaza,Middle East & North Africa,West Bank and Gaza,2017,906879.0,1361302.0,75102.0,947050.0,67463.0,2308962.0,2375815.0,4684777.0,,654538.0
S2,,,PSS,Aggregates,S2,,Aggregates,,Pacific island small states,Aggregates,Pacific island small states,2017,377700.0,720762.0,63292.0,402974.0,53542.0,1142213.0,1177278.0,2418415.0,,
V4,,,PST,Aggregates,V4,,Aggregates,,Post-demographic dividend,Aggregates,Post-demographic dividend,2017,87193219.0,361502298.0,116743777.0,91752540.0,90317233.0,563176511.0,543572069.0,1106748580.0,,
PF,,Papeete,PYF,High income,PF,-17.535,Not classified,-149.57,French Polynesia,East Asia & Pacific,French Polynesia,2017,32230.0,99774.0,11342.0,33670.0,10661.0,138901.0,144106.0,283007.0,,
QA,,Doha,QAT,High income,QA,25.2948,Not classified,51.5082,Qatar,Middle East & North Africa,Qatar,2017,179435.0,1771251.0,11088.0,186684.0,23407.0,657869.0,1981342.0,2639211.0,,659067.0
RO,Europe & Central Asia (excluding high income),Bucharest,ROU,Upper middle income,RO,44.4479,IBRD,26.0979,Romania,Europe & Central Asia,Romania,2017,1454505.0,6551681.0,2094027.0,1534742.0,1401836.0,10095727.0,9488259.0,19583986.0,1830515.0,1830515.0
RU,Europe & Central Asia (excluding high income),Moscow,RUS,Upper middle income,RU,55.7558,IBRD,37.6176,Russian Federation,Europe & Central Asia,Russian Federation,2017,12395262.0,47322044.0,13700498.0,13044053.0,6786813.0,77343830.0,67152910.0,144496740.0,33191473.0,12288465.0
RW,Sub-Saharan Africa (excluding high income),Kigali,RWA,Low income,RW,-1.95325,IDA,30.0587,Rwanda,Sub-Saharan Africa ,Rwanda,2017,2450523.0,3383033.0,209228.0,2449583.0,153907.0,6221884.0,5986523.0,12208407.0,1021081.0,1021081.0
8S,,,SAS,Aggregates,8S,,Aggregates,,South Asia,Aggregates,South Asia,2017,246412332.0,601771408.0,53115914.0,270767049.0,49173963.0,866676430.0,921712422.0,1788388852.0,,
SA,,Riyadh,SAU,High income,SA,24.6748,Not classified,46.6977,Saudi Arabia,Middle East & North Africa,Saudi Arabia,2017,4078456.0,14003202.0,500067.0,4209394.0,585320.0,14140297.0,18797916.0,32938213.0,15414711.0,6669098.0
SD,Sub-Saharan Africa (excluding high income),Khartoum,SDN,Lower middle income,SD,15.5932,IDA,32.5363,Sudan,Sub-Saharan Africa ,Sudan,2017,8140762.0,11182346.0,769414.0,8405947.0,668741.0,20276297.0,20257033.0,40533330.0,5395378.0,5395378.0
SN,Sub-Saharan Africa (excluding high income),Dakar,SEN,Low income,SN,14.7247,IDA,-17.4734,Senegal,Sub-Saharan Africa ,Senegal,2017,3355528.0,4143216.0,274185.0,3441461.0,202641.0,8063249.0,7787318.0,15850567.0,2903112.0,2903112.0
SG,,Singapore,SGP,High income,SG,1.28941,Not classified,103.85,Singapore,East Asia & Pacific,Singapore,2017,410195.0,2009066.0,391871.0,430614.0,333320.0,2839253.0,2773000.0,5612253.0,5708844.0,5708844.0
SB,East Asia & Pacific (excluding high income),Honiara,SLB,Lower middle income,SB,-9.42676,IDA,159.949,Solomon Islands,East Asia & Pacific,Solomon Islands,2017,114991.0,177712.0,10826.0,122470.0,10612.0,300549.0,310794.0,611343.0,,
SL,Sub-Saharan Africa (excluding high income),Freetown,SLE,Low income,SL,8.4821,IDA,-13.2134,Sierra Leone,Sub-Saharan Africa ,Sierra Leone,2017,1590668.0,2059446.0,98918.0,1590249.0,92850.0,3814667.0,3742545.0,7557212.0,1104136.0,1104136.0
SV,Latin America & Caribbean (excluding high income),San Salvador,SLV,Lower middle income,SV,13.7034,IBRD,-89.2073,El Salvador,Latin America & Caribbean ,El Salvador,2017,854337.0,1878554.0,302803.0,891708.0,224854.0,3382736.0,2995117.0,6377853.0,1104147.0,1104147.0
SM,,San Marino,SMR,High income,SM,43.9322,Not classified,12.4486,San Marino,Europe & Central Asia,San Marino,2017,,,,,,,,33400.0,,
SO,Sub-Saharan Africa (excluding high income),Mogadishu,SOM,Low income,SO,2.07515,IDA,45.3254,Somalia,Sub-Saharan Africa ,Somalia,2017,3401331.0,3704345.0,207259.0,3443941.0,195404.0,7398833.0,7343690.0,14742523.0,1976828.0,1976828.0
RS,Europe & Central Asia (excluding high income),Belgrade,SRB,Upper middle income,RS,44.8024,IBRD,20.4656,Serbia,Europe & Central Asia,Serbia,2017,563419.0,2322302.0,702672.0,591800.0,516575.0,3590182.0,3430676.0,7020858.0,1382669.0,1382669.0
ZF,,,SSA,Aggregates,ZF,,Aggregates,,Sub-Saharan Africa (excluding high income),Aggregates,Sub-Saharan Africa (excluding high income),2017,223757463.0,285442387.0,18090461.0,229108481.0,14670027.0,531790982.0,529220896.0,1061011878.0,,
SS,Sub-Saharan Africa (excluding high income),Juba,SSD,Low income,SS,4.85,IDA,31.6,South Sudan,Sub-Saharan Africa ,South Sudan,2017,2585957.0,3445925.0,232455.0,2654762.0,200331.0,6274696.0,6301018.0,12575714.0,,352229.0
ZG,,,SSF,Aggregates,ZG,,Aggregates,,Sub-Saharan Africa,Aggregates,Sub-Saharan Africa,2017,223768008.0,285475332.0,18095198.0,229119248.0,14673545.0,531839595.0,529268126.0,1061107721.0,,
S1,,,SST,Aggregates,S1,,Aggregates,,Small states,Aggregates,Small states,2017,5796414.0,13854562.0,1336272.0,5967956.0,1048173.0,19198062.0,20870696.0,40330352.0,,
ST,Sub-Saharan Africa (excluding high income),Sao Tome,STP,Lower middle income,ST,0.20618,IDA,6.6071,Sao Tome and Principe,Sub-Saharan Africa ,Sao Tome and Principe,2017,43434.0,55132.0,3381.0,44097.0,2522.0,102576.0,101751.0,204327.0,,
SR,Latin America & Caribbean (excluding high income),Paramaribo,SUR,Upper middle income,SR,5.8232,IBRD,-55.1679,Suriname,Latin America & Caribbean ,Suriname,2017,71880.0,189182.0,22557.0,77056.0,16500.0,280664.0,282738.0,563402.0,,
SK,,Bratislava,SVK,High income,SK,48.1484,Not classified,17.1073,Slovak Republic,Europe & Central Asia,Slovak Republic,2017,407994.0,1895427.0,498819.0,427961.0,320852.0,2794992.0,2644240.0,5439232.0,,427245.0
SI,,Ljubljana,SVN,High income,SI,46.0546,Not classified,14.5044,Slovenia,Europe & Central Asia,Slovenia,2017,150349.0,700996.0,227645.0,158833.0,166248.0,1040311.0,1026077.0,2066388.0,,
SE,,Stockholm,SWE,High income,SE,59.3327,Not classified,18.0645,Sweden,Europe & Central Asia,Sweden,2017,858311.0,3197079.0,1079139.0,905297.0,930908.0,5024414.0,5033284.0,10057698.0,1553180.0,1553180.0
SZ,Sub-Saharan Africa (excluding high income),Mbabane,SWZ,Lower middle income,SZ,-26.5225,IBRD,31.4659,Eswatini,Sub-Saharan Africa ,Eswatini,2017,253032.0,389665.0,26172.0,255391.0,17080.0,705118.0,662136.0,1367254.0,,
SX,,Philipsburg,SXM,High income,SX,,Not classified,,Sint Maarten (Dutch part),Latin America & Caribbean ,Sint Maarten (Dutch part),2017,,,,,,,,41109.0,,
SC,,Victoria,SYC,High income,SC,-4.6309,IBRD,55.4466,Seychelles,Sub-Saharan Africa ,Seychelles,2017,10545.0,32945.0,4737.0,10767.0,3518.0,48613.0,47230.0,95843.0,,
SY,Middle East & North Africa (excluding high income),Damascus,SYR,Low income,SY,33.5146,IDA,36.3119,Syrian Arab Republic,Middle East & North Africa,Syrian Arab Republic,2017,3257067.0,5446414.0,434337.0,3425434.0,359216.0,9038804.0,9231064.0,18269868.0,5238862.0,2286820.0
TC,,Grand Turk,TCA,High income,TC,21.4602778,Not classified,-71.141389,Turks and Caicos Islands,Latin America & Caribbean ,Turks and Caicos Islands,2017,,,,,,,,35446.0,,
TD,Sub-Saharan Africa (excluding high income),N'Djamena,TCD,Low income,TD,12.1048,IDA,15.0445,Chad,Sub-Saharan Africa ,Chad,2017,3483614.0,3748204.0,200846.0,3540628.0,169547.0,7441615.0,7458379.0,14899994.0,1275726.0,1275726.0
T4,,,TEA,Aggregates,T4,,Aggregates,,East Asia & Pacific (IDA & IBRD countries),Aggregates,East Asia & Pacific (IDA & IBRD countries),2017,198204235.0,732778547.0,99324823.0,220842974.0,88604341.0,1000457938.0,1042225861.0,2042782723.0,,
T7,,,TEC,Aggregates,T7,,Aggregates,,Europe & Central Asia (IDA & IBRD countries),Aggregates,Europe & Central Asia (IDA & IBRD countries),2017,44801860.0,150381519.0,35340927.0,47319065.0,20612825.0,237488183.0,218313408.0,457632291.0,,
TG,Sub-Saharan Africa (excluding high income),Lome,TGO,Low income,TG,6.1228,IDA,1.2255,Togo,Sub-Saharan Africa ,Togo,2017,1616430.0,2159001.0,119256.0,1625976.0,102079.0,3910638.0,3887056.0,7797694.0,1708106.0,1708106.0
TH,East Asia & Pacific (excluding high income),Bangkok,THA,Upper middle income,TH,13.7308,IBRD,100.521,Thailand,East Asia & Pacific,Thailand,2017,5811902.0,24084798.0,4416190.0,6144671.0,3435431.0,35372614.0,33664899.0,69037513.0,13589926.0,9898653.0
TJ,Europe & Central Asia (excluding high income),Dushanbe,TJK,Low income,TJ,38.5878,IDA,68.7864,Tajikistan,Europe & Central Asia,Tajikistan,2017,1530726.0,2721260.0,164062.0,1614180.0,145177.0,4440726.0,4480617.0,8921343.0,,852071.0
TM,Europe & Central Asia (excluding high income),Ashgabat,TKM,Upper middle income,TM,37.9509,IBRD,58.3794,Turkmenistan,Europe & Central Asia,Turkmenistan,2017,877913.0,1831428.0,144436.0,901998.0,101861.0,2922788.0,2835287.0,5758075.0,,790827.0
T2,,,TLA,Aggregates,T2,,Aggregates,,Latin America & the Caribbean (IDA & IBRD countries),Aggregates,Latin America & the Caribbean (IDA & IBRD countries),2017,77178448.0,208241096.0,27808545.0,80488900.0,21648887.0,317551633.0,310378889.0,628059792.0,,
TL,East Asia & Pacific (excluding high income),Dili,TLS,Lower middle income,TL,-8.56667,Blend,125.567,Timor-Leste,East Asia & Pacific,Timor-Leste,2017,276982.0,348458.0,24546.0,288284.0,21548.0,638021.0,658290.0,1296311.0,,
T3,,,TMN,Aggregates,T3,,Aggregates,,Middle East & North Africa (IDA & IBRD countries),Aggregates,Middle East & North Africa (IDA & IBRD countries),2017,57019454.0,119918308.0,10262224.0,59881680.0,9141905.0,186275113.0,188941892.0,375217005.0,,
TO,East Asia & Pacific (excluding high income),Nuku'alofa,TON,Upper middle income,TO,-21.136,IDA,-175.216,Tonga,East Asia & Pacific,Tonga,2017,18729.0,31660.0,3734.0,19976.0,2553.0,53831.0,54189.0,108020.0,,
T5,,,TSA,Aggregates,T5,,Aggregates,,South Asia (IDA & IBRD),Aggregates,South Asia (IDA & IBRD),2017,246412332.0,601771408.0,53115914.0,270767049.0,49173963.0,866676430.0,921712422.0,1788388852.0,,
T6,,,TSS,Aggregates,T6,,Aggregates,,Sub-Saharan Africa (IDA & IBRD countries),Aggregates,Sub-Saharan Africa (IDA & IBRD countries),2017,223768008.0,285475332.0,18095198.0,229119248.0,14673545.0,531839595.0,529268126.0,1061107721.0,,
TT,,Port-of-Spain,TTO,High income,TT,10.6596,IBRD,-61.4789,Trinidad and Tobago,Latin America & Caribbean ,Trinidad and Tobago,2017,139400.0,471699.0,77810.0,143473.0,59297.0,694655.0,674470.0,1369125.0,,544631.0
TN,Middle East & North Africa (excluding high income),Tunis,TUN,Lower middle income,TN,36.7899,IBRD,10.21,Tunisia,Middle East & North Africa,Tunisia,2017,1353200.0,3866162.0,507356.0,1415569.0,415388.0,5835008.0,5697119.0,11532127.0,2254227.0,2254227.0
TR,Europe & Central Asia (excluding high income),Ankara,TUR,Upper middle income,TR,39.7153,IBRD,32.3606,Turkey,Europe & Central Asia,Turkey,2017,9852803.0,26676464.0,3791032.0,10298918.0,2791753.0,40977885.0,39767135.0,80745020.0,29853900.0,14539767.0
TV,East Asia & Pacific (excluding high income),Funafuti,TUV,Upper middle income,TV,-8.6314877,IDA,179.089567,Tuvalu,East Asia & Pacific,Tuvalu,2017,,,,,,,,11192.0,,
TZ,Sub-Saharan Africa (excluding high income),Dodoma,TZA,Low income,TZ,-6.17486,IDA,35.7382,Tanzania,Sub-Saharan Africa ,Tanzania,2017,12786957.0,14595932.0,986092.0,12950761.0,795277.0,28968049.0,28341970.0,57310019.0,6664335.0,5719486.0
UG,Sub-Saharan Africa (excluding high income),Kampala,UGA,Low income,UG,0.314269,IDA,32.5729,Uganda,Sub-Saharan Africa ,Uganda,2017,10143019.0,10619889.0,535866.0,10307435.0,393517.0,21542116.0,21320842.0,42862958.0,2843137.0,2843137.0
UA,Europe & Central Asia (excluding high income),Kiev,UKR,Lower middle income,UA,50.4536,IBRD,30.5038,Ukraine,Europe & Central Asia,Ukraine,2017,3369063.0,14641180.0,4870905.0,3576713.0,2508853.0,24104389.0,20726746.0,44831135.0,5384902.0,2935992.0
XT,,,UMC,Aggregates,XT,,Aggregates,,Upper middle income,Aggregates,Upper middle income,2017,253078732.0,908287354.0,135718121.0,277612696.0,113663377.0,1276411307.0,1299563429.0,2576181497.0,,
UY,,Montevideo,URY,High income,UY,-34.8941,IBRD,-56.0675,Uruguay,Latin America & Caribbean ,Uruguay,2017,356099.0,1100606.0,309188.0,371855.0,197427.0,1786862.0,1669888.0,3456750.0,1727095.0,1727095.0
US,,Washington D.C.,USA,High income,US,38.8895,Not classified,-77.032,United States,North America,United States,2017,30061950.0,107177538.0,27793837.0,31433390.0,22322502.0,164213691.0,160933430.0,325147121.0,149493144.0,18761941.0
UZ,Europe & Central Asia (excluding high income),Tashkent,UZB,Lower middle income,UZ,41.3052,Blend,69.269,Uzbekistan,Europe & Central Asia,Uzbekistan,2017,4395593.0,10857091.0,827503.0,4667807.0,619852.0,16242450.0,16144750.0,32387200.0,2435365.0,2435365.0
VC,Latin America & Caribbean (excluding high income),Kingstown,VCT,Upper middle income,VC,13.2035,Blend,-61.2653,St. Vincent and the Grenadines,Latin America & Caribbean ,St. Vincent and the Grenadines,2017,12927.0,38284.0,4571.0,13221.0,3912.0,54480.0,55417.0,109897.0,,
VE,Latin America & Caribbean (excluding high income),Caracas,VEN,Upper middle income,VE,9.08165,IBRD,-69.8371,"Venezuela, RB",Latin America & Caribbean ,"Venezuela, RB",2017,4317999.0,10462528.0,1178575.0,4505993.0,936512.0,16072032.0,15905033.0,31977065.0,9234141.0,2929709.0
VG,,Road Town,VGB,High income,VG,18.431389,Not classified,-64.623056,British Virgin Islands,Latin America & Caribbean ,British Virgin Islands,2017,,,,,,,,31196.0,,
VI,,Charlotte Amalie,VIR,High income,VI,18.3358,Not classified,-64.8963,Virgin Islands (U.S.),Latin America & Caribbean ,Virgin Islands (U.S.),2017,10584.0,31214.0,11047.0,11012.0,8905.0,56137.0,51131.0,107268.0,,
VN,East Asia & Pacific (excluding high income),Hanoi,VNM,Lower middle income,VN,21.0069,IBRD,105.825,Vietnam,East Asia & Pacific,Vietnam,2017,10509154.0,33180747.0,4256611.0,11523273.0,2574424.0,48262356.0,47278444.0,95540800.0,15485610.0,7870501.0
VU,East Asia & Pacific (excluding high income),Port-Vila,VUT,Lower middle income,VU,-17.7404,IDA,168.321,Vanuatu,East Asia & Pacific,Vanuatu,2017,47576.0,82277.0,6223.0,51589.0,5913.0,136465.0,139779.0,276244.0,,
1W,,,WLD,Aggregates,1W,,Aggregates,,World,Aggregates,World,2017,943325205.0,2492663637.0,359523977.0,1009271406.0,294947082.0,3729989399.0,3796882132.0,7529719387.0,,
WS,East Asia & Pacific (excluding high income),Apia,WSM,Upper middle income,WS,-13.8314,IDA,-171.752,Samoa,East Asia & Pacific,Samoa,2017,34635.0,59377.0,6263.0,37235.0,4745.0,95083.0,101357.0,196440.0,,
XK,Europe & Central Asia (excluding high income),Pristina,XKX,Lower middle income,XK,42.565,IDA,20.926,Kosovo,Europe & Central Asia,Kosovo,2017,,,,,,,,1830700.0,,
YE,Middle East & North Africa (excluding high income),Sana'a,YEM,Low income,YE,15.352,IDA,44.2075,"Yemen, Rep.",Middle East & North Africa,"Yemen, Rep.",2017,5520848.0,8132517.0,442792.0,5756129.0,382782.0,13978992.0,14271428.0,28250420.0,2681100.0,2681100.0
ZA,Sub-Saharan Africa (excluding high income),Pretoria,ZAF,Upper middle income,ZA,-25.746,IBRD,28.1871,South Africa,Sub-Saharan Africa ,South Africa,2017,8149089.0,18391390.0,1877227.0,8290392.0,1153945.0,28881429.0,27835727.0,56717156.0,19879305.0,5313563.0
ZM,Sub-Saharan Africa (excluding high income),Lusaka,ZMB,Lower middle income,ZM,-15.3982,IDA,28.2937,Zambia,Sub-Saharan Africa ,Zambia,2017,3799076.0,4446707.0,244274.0,3855911.0,179608.0,8611904.0,8482226.0,17094130.0,2406227.0,2406227.0
ZW,Sub-Saharan Africa (excluding high income),Harare,ZWE,Low income,ZW,-17.8312,Blend,31.0672,Zimbabwe,Sub-Saharan Africa ,Zimbabwe,2017,3394365.0,4441513.0,273641.0,3416688.0,192841.0,8478862.0,8051042.0,16529904.0,1509901.0,1509901.0
